claim_id,evaluation_date,development_month,reserve_estimate,cumulative_paid
CLM-000001,2021-04-20,1,3634.62,1076.47
CLM-000001,2021-05-20,2,1647.88,1868.89
CLM-000001,2021-06-19,3,2681.26,3003.95
CLM-000002,2021-05-28,1,49.77,97.22
CLM-000003,2021-06-19,1,2994.08,1290.23
CLM-000004,2021-06-29,1,1253.11,3028.92
CLM-000004,2021-07-29,2,9738.31,6252.19
CLM-000005,2021-07-06,1,4923.31,1665.71
CLM-000006,2021-07-28,1,2487.42,1122.38
CLM-000007,2021-08-14,1,384.19,842.54
CLM-000008,2021-08-21,1,420.84,137.74
CLM-000009,2021-08-16,1,24776.55,13833.51
CLM-000010,2021-08-23,1,5077.53,1093.46
CLM-000010,2021-09-22,2,1644.92,2340.16
CLM-000010,2021-10-22,3,3895.93,3422.64
CLM-000011,2021-09-03,1,308.07,667.87
CLM-000012,2021-09-01,1,3002.83,1453.92
CLM-000013,2021-08-31,1,329.21,164.66
CLM-000014,2021-09-26,1,348.21,761.18
CLM-000015,2021-09-26,1,4447.16,2376.5
CLM-000016,2021-09-28,1,787.49,1240.53
CLM-000017,2021-10-22,1,1908.15,864.82
CLM-000017,2021-11-21,2,1180.81,1553.31
CLM-000018,2021-10-28,1,691.54,744.71
CLM-000018,2021-11-27,2,1152.74,1518.79
CLM-000019,2021-11-03,1,2953.04,1411.51
CLM-000020,2021-10-29,1,487.61,1108.74
CLM-000020,2021-11-28,2,2590.1,2338.43
CLM-000021,2021-11-03,1,301.03,380.38
CLM-000022,2021-10-26,1,3299.44,0.0
CLM-000022,2021-11-25,2,9110.75,0.0
CLM-000022,2021-12-25,3,8139.04,6419.06
CLM-000022,2022-01-24,4,10690.36,9137.9
CLM-000022,2022-02-23,5,9336.28,11125.31
CLM-000022,2022-03-25,6,14938.32,13820.61
CLM-000022,2022-04-24,7,15514.55,16377.97
CLM-000022,2022-05-24,8,19411.56,17675.38
CLM-000022,2022-06-23,9,18990.59,16754.67
CLM-000022,2022-07-23,10,18848.54,16707.7
CLM-000022,2022-08-22,11,18489.84,17420.48
CLM-000022,2022-09-21,12,19054.7,17699.75
CLM-000022,2022-10-21,13,18115.31,16175.57
CLM-000022,2022-11-20,14,19244.2,16852.39
CLM-000022,2022-12-20,15,18929.72,18454.55
CLM-000022,2023-01-19,16,18594.35,16382.66
CLM-000022,2023-02-18,17,18570.66,16742.71
CLM-000022,2023-03-20,18,18655.63,16412.33
CLM-000022,2023-04-19,19,18781.28,17974.0
CLM-000022,2023-05-19,20,19298.1,17969.11
CLM-000022,2023-06-18,21,18775.29,18604.2
CLM-000022,2023-07-18,22,18439.47,17484.19
CLM-000022,2023-08-17,23,18785.59,17280.54
CLM-000022,2023-09-16,24,18807.12,17933.33
CLM-000023,2021-11-04,1,238.03,582.75
CLM-000024,2021-11-11,1,705.81,1598.1
CLM-000025,2021-11-28,1,4201.83,1751.19
CLM-000026,2021-12-04,1,519.36,459.55
CLM-000027,2021-12-01,1,543.29,344.28
CLM-000027,2021-12-31,2,663.94,686.15
CLM-000028,2021-12-07,1,6947.9,4057.48
CLM-000028,2022-01-06,2,11459.99,8988.71
CLM-000029,2021-12-27,1,4024.84,1682.46
CLM-000029,2022-01-26,2,5121.07,3443.03
CLM-000029,2022-02-25,3,7159.7,5701.15
CLM-000030,2022-01-06,1,239.01,527.31
CLM-000031,2022-01-05,1,150.24,77.21
CLM-000032,2022-01-06,1,4248.16,4636.01
CLM-000032,2022-02-05,2,17663.76,9480.9
CLM-000033,2022-01-10,1,672.32,1660.85
CLM-000034,2022-01-13,1,2929.79,1029.25
CLM-000035,2022-01-20,1,943.48,562.68
CLM-000036,2022-01-17,1,985.7,620.41
CLM-000036,2022-02-16,2,1500.66,1115.97
CLM-000037,2022-02-02,1,229.38,523.71
CLM-000038,2022-01-30,1,777.43,416.92
CLM-000039,2022-02-17,1,114.3,223.76
CLM-000039,2022-03-19,2,731.06,438.01
CLM-000040,2022-03-06,1,756.7,370.25
CLM-000041,2022-03-02,1,2076.71,1003.09
CLM-000042,2022-03-07,1,269.81,191.65
CLM-000043,2022-03-27,1,123.41,283.46
CLM-000043,2022-04-26,2,1092.63,573.43
CLM-000044,2022-03-29,1,367.67,896.59
CLM-000044,2022-04-28,2,2991.68,1745.52
CLM-000045,2022-03-24,1,3652.51,0.0
CLM-000045,2022-04-23,2,514.08,0.0
CLM-000045,2022-05-23,3,5899.83,3303.46
CLM-000045,2022-06-22,4,5755.97,4594.1
CLM-000045,2022-07-22,5,5859.3,5497.0
CLM-000045,2022-08-21,6,7529.69,7068.84
CLM-000045,2022-09-20,7,9190.19,7747.93
CLM-000045,2022-10-20,8,10330.25,8941.17
CLM-000045,2022-11-19,9,10094.41,9288.18
CLM-000045,2022-12-19,10,10275.71,9871.96
CLM-000045,2023-01-18,11,10191.24,9190.53
CLM-000045,2023-02-17,12,10175.31,9853.5
CLM-000045,2023-03-19,13,10201.21,9399.8
CLM-000045,2023-04-18,14,10386.11,8886.27
CLM-000045,2023-05-18,15,10028.08,9402.96
CLM-000045,2023-06-17,16,10313.12,10248.15
CLM-000045,2023-07-17,17,10184.64,9200.11
CLM-000045,2023-08-16,18,9839.08,10269.26
CLM-000045,2023-09-15,19,10170.45,10190.48
CLM-000045,2023-10-15,20,10203.53,9181.9
CLM-000045,2023-11-14,21,10235.66,9318.92
CLM-000045,2023-12-14,22,10390.1,9974.81
CLM-000045,2024-01-13,23,10436.35,10079.85
CLM-000045,2024-02-12,24,10252.0,8771.96
CLM-000046,2022-03-26,1,2106.57,5031.06
CLM-000046,2022-04-25,2,14202.1,8960.27
CLM-000047,2022-04-03,1,139.35,306.36
CLM-000048,2022-04-18,1,109.96,107.91
CLM-000049,2022-04-25,1,6122.46,1970.77
CLM-000049,2022-05-25,2,2731.41,4400.15
CLM-000050,2022-04-28,1,137.12,309.12
CLM-000051,2022-05-02,1,16054.96,18340.5
CLM-000052,2022-04-29,1,75.75,161.15
CLM-000053,2022-05-09,1,418.23,912.1
CLM-000054,2022-05-15,1,230.93,139.34
CLM-000054,2022-06-14,2,673.08,243.69
CLM-000055,2022-05-15,1,71.65,167.07
CLM-000055,2022-06-14,2,71.65,349.01
CLM-000056,2022-05-18,1,6807.79,0.0
CLM-000056,2022-06-17,2,7298.61,0.0
CLM-000056,2022-07-17,3,8306.98,7735.89
CLM-000056,2022-08-16,4,10682.39,9676.69
CLM-000056,2022-09-15,5,13559.62,13456.82
CLM-000056,2022-10-15,6,16831.69,14855.25
CLM-000056,2022-11-14,7,20185.74,16845.25
CLM-000056,2022-12-14,8,21744.35,20717.13
CLM-000056,2023-01-13,9,21463.57,20559.83
CLM-000056,2023-02-12,10,21417.77,20533.54
CLM-000056,2023-03-14,11,23211.06,21144.23
CLM-000056,2023-04-13,12,22494.48,19657.36
CLM-000056,2023-05-13,13,20961.63,20202.0
CLM-000056,2023-06-12,14,22743.12,21675.36
CLM-000056,2023-07-12,15,22063.24,20643.25
CLM-000056,2023-08-11,16,22881.98,22056.9
CLM-000056,2023-09-10,17,21249.09,19793.89
CLM-000056,2023-10-10,18,21502.37,19358.13
CLM-000056,2023-11-09,19,23528.94,18917.72
CLM-000056,2023-12-09,20,22260.71,19357.08
CLM-000056,2024-01-08,21,22270.31,21901.14
CLM-000056,2024-02-07,22,22494.47,20577.62
CLM-000056,2024-03-08,23,23239.16,20038.28
CLM-000056,2024-04-07,24,22454.2,22008.76
CLM-000057,2022-05-23,1,42.13,90.85
CLM-000057,2022-06-22,2,102.85,188.0
CLM-000058,2022-05-30,1,3108.6,935.17
CLM-000058,2022-06-29,2,387.46,1739.29
CLM-000059,2022-05-27,1,51.23,0.0
CLM-000059,2022-06-26,2,200.79,0.0
CLM-000059,2022-07-26,3,183.24,346.61
CLM-000059,2022-08-25,4,400.34,455.67
CLM-000059,2022-09-24,5,644.96,613.88
CLM-000059,2022-10-24,6,813.88,700.22
CLM-000059,2022-11-23,7,854.82,896.12
CLM-000059,2022-12-23,8,1022.23,1002.72
CLM-000059,2023-01-22,9,999.06,1003.45
CLM-000059,2023-02-21,10,970.96,895.58
CLM-000059,2023-03-23,11,1016.85,918.03
CLM-000059,2023-04-22,12,1032.71,921.54
CLM-000059,2023-05-22,13,1019.12,931.08
CLM-000059,2023-06-21,14,1029.81,883.58
CLM-000059,2023-07-21,15,1064.36,895.16
CLM-000059,2023-08-20,16,1014.09,1024.51
CLM-000059,2023-09-19,17,1011.32,1013.8
CLM-000059,2023-10-19,18,1008.63,898.1
CLM-000059,2023-11-18,19,1041.26,1023.14
CLM-000059,2023-12-18,20,1027.82,1016.45
CLM-000059,2024-01-17,21,1021.91,923.13
CLM-000059,2024-02-16,22,1043.29,919.25
CLM-000059,2024-03-17,23,987.1,986.16
CLM-000059,2024-04-16,24,1027.18,998.38
CLM-000060,2022-06-04,1,1499.71,1672.8
CLM-000061,2022-06-10,1,10392.75,6153.63
CLM-000062,2022-06-12,1,1103.43,361.9
CLM-000063,2022-06-11,1,344.58,741.19
CLM-000063,2022-07-11,2,1865.56,1498.02
CLM-000064,2022-06-18,1,4090.71,5149.25
CLM-000065,2022-06-27,1,1605.46,870.06
CLM-000065,2022-07-27,2,993.77,1847.34
CLM-000066,2022-07-03,1,345.52,852.09
CLM-000067,2022-07-07,1,1307.34,553.82
CLM-000068,2022-07-10,1,6757.41,14481.58
CLM-000069,2022-07-27,1,1202.32,2669.4
CLM-000070,2022-08-05,1,341.12,761.21
CLM-000070,2022-09-04,2,1737.22,1487.0
CLM-000071,2022-08-21,1,3795.4,1296.8
CLM-000071,2022-09-20,2,3023.45,2633.06
CLM-000072,2022-08-13,1,897.34,688.32
CLM-000073,2022-08-18,1,177.07,391.31
CLM-000073,2022-09-17,2,1311.11,775.48
CLM-000074,2022-08-24,1,93.67,208.82
CLM-000075,2022-08-31,1,596.67,441.67
CLM-000076,2022-09-06,1,1023.83,0.0
CLM-000076,2022-10-06,2,1678.74,0.0
CLM-000076,2022-11-05,3,2267.16,1347.47
CLM-000076,2022-12-05,4,2191.62,1774.02
CLM-000076,2023-01-04,5,2520.49,2309.93
CLM-000076,2023-02-03,6,3380.87,2964.05
CLM-000076,2023-03-05,7,3416.52,3206.64
CLM-000076,2023-04-04,8,3976.28,3436.24
CLM-000076,2023-05-04,9,4125.27,3495.52
CLM-000076,2023-06-03,10,3918.67,3782.48
CLM-000076,2023-07-03,11,4081.75,3440.98
CLM-000076,2023-08-02,12,4053.87,3480.9
CLM-000076,2023-09-01,13,3919.6,3797.34
CLM-000076,2023-10-01,14,4067.13,3445.19
CLM-000076,2023-10-31,15,3991.29,3764.3
CLM-000076,2023-11-30,16,4001.35,3908.29
CLM-000076,2023-12-30,17,4014.05,3462.48
CLM-000076,2024-01-29,18,3971.64,3793.79
CLM-000076,2024-02-28,19,4076.3,3731.31
CLM-000076,2024-03-29,20,4126.73,3891.24
CLM-000076,2024-04-28,21,3917.19,3687.59
CLM-000076,2024-05-28,22,3880.66,3620.65
CLM-000076,2024-06-27,23,3953.73,3899.37
CLM-000076,2024-07-27,24,4105.3,3741.16
CLM-000077,2022-09-09,1,3506.36,0.0
CLM-000077,2022-10-09,2,4796.78,0.0
CLM-000077,2022-11-08,3,9581.76,4283.96
CLM-000077,2022-12-08,4,9980.64,5664.35
CLM-000077,2023-01-07,5,8016.58,7620.06
CLM-000077,2023-02-06,6,10149.7,8803.72
CLM-000077,2023-03-08,7,11273.63,10555.45
CLM-000077,2023-04-07,8,12864.96,12431.01
CLM-000077,2023-05-07,9,13781.69,12169.28
CLM-000077,2023-06-06,10,12947.74,12274.74
CLM-000077,2023-07-06,11,13122.45,12889.12
CLM-000077,2023-08-05,12,12733.53,12038.03
CLM-000077,2023-09-04,13,13288.75,11575.16
CLM-000077,2023-10-04,14,13055.89,12953.39
CLM-000077,2023-11-03,15,12870.78,12247.83
CLM-000077,2023-12-03,16,13045.29,11961.62
CLM-000077,2024-01-02,17,12987.54,11684.21
CLM-000077,2024-02-01,18,13295.45,12333.23
CLM-000077,2024-03-02,19,12735.91,12099.96
CLM-000077,2024-04-01,20,12713.29,12669.1
CLM-000077,2024-05-01,21,13118.78,11724.29
CLM-000077,2024-05-31,22,12685.7,12136.98
CLM-000077,2024-06-30,23,12658.83,12781.96
CLM-000077,2024-07-30,24,13001.2,11895.11
CLM-000078,2022-09-09,1,276.89,601.03
CLM-000079,2022-09-12,1,2011.99,1378.93
CLM-000080,2022-09-21,1,476.58,1046.25
CLM-000081,2022-09-21,1,925.64,818.07
CLM-000082,2022-09-22,1,132.38,0.0
CLM-000082,2022-10-22,2,170.85,0.0
CLM-000082,2022-11-21,3,439.28,532.43
CLM-000082,2022-12-21,4,600.27,728.26
CLM-000082,2023-01-20,5,1030.73,853.11
CLM-000082,2023-02-19,6,1200.84,1120.23
CLM-000082,2023-03-21,7,1415.72,1173.09
CLM-000082,2023-04-20,8,1466.4,1393.12
CLM-000082,2023-05-20,9,1538.76,1445.18
CLM-000082,2023-06-19,10,1548.16,1348.23
CLM-000082,2023-07-19,11,1584.75,1532.67
CLM-000082,2023-08-18,12,1572.62,1386.17
CLM-000082,2023-09-17,13,1538.25,1481.99
CLM-000082,2023-10-17,14,1547.94,1340.45
CLM-000082,2023-11-16,15,1566.4,1386.84
CLM-000082,2023-12-16,16,1554.97,1463.94
CLM-000082,2024-01-15,17,1531.57,1532.11
CLM-000082,2024-02-14,18,1541.46,1372.11
CLM-000082,2024-03-15,19,1565.3,1515.94
CLM-000082,2024-04-14,20,1552.32,1318.97
CLM-000082,2024-05-14,21,1560.53,1383.24
CLM-000082,2024-06-13,22,1622.69,1429.79
CLM-000082,2024-07-13,23,1550.97,1453.18
CLM-000082,2024-08-12,24,1545.83,1434.29
CLM-000083,2022-09-24,1,700.8,344.2
CLM-000084,2022-09-25,1,424.77,313.06
CLM-000085,2022-09-28,1,738.09,1067.79
CLM-000086,2022-10-04,1,505.58,266.55
CLM-000087,2022-10-08,1,736.43,1675.66
CLM-000088,2022-10-12,1,699.43,388.37
CLM-000089,2022-10-17,1,171.41,406.71
CLM-000089,2022-11-16,2,1827.93,804.51
CLM-000089,2022-12-16,3,1091.41,1154.58
CLM-000090,2022-10-17,1,1043.87,846.04
CLM-000091,2022-10-15,1,1950.67,0.0
CLM-000091,2022-11-14,2,4193.34,0.0
CLM-000091,2022-12-14,3,4176.59,3859.69
CLM-000091,2023-01-13,4,7725.77,5729.57
CLM-000091,2023-02-12,5,7326.11,7116.92
CLM-000091,2023-03-14,6,9187.89,7512.73
CLM-000091,2023-04-13,7,9965.4,8861.32
CLM-000091,2023-05-13,8,11281.18,10127.69
CLM-000091,2023-06-12,9,11865.31,11335.65
CLM-000091,2023-07-12,10,11802.38,11395.11
CLM-000091,2023-08-11,11,11384.41,11049.17
CLM-000091,2023-09-10,12,11552.47,11370.41
CLM-000091,2023-10-10,13,11571.03,11662.94
CLM-000091,2023-11-09,14,11929.27,10778.74
CLM-000091,2023-12-09,15,11494.87,11135.17
CLM-000091,2024-01-08,16,11667.96,10423.15
CLM-000091,2024-02-07,17,11612.56,9999.85
CLM-000091,2024-03-08,18,11775.31,11363.46
CLM-000091,2024-04-07,19,11880.91,10812.67
CLM-000091,2024-05-07,20,11443.47,9951.81
CLM-000091,2024-06-06,21,11822.87,11622.84
CLM-000091,2024-07-06,22,11875.11,10340.35
CLM-000091,2024-08-05,23,11954.14,9941.3
CLM-000091,2024-09-04,24,11351.69,11650.5
CLM-000092,2022-10-23,1,3208.26,1671.65
CLM-000093,2022-10-28,1,20123.93,6325.38
CLM-000094,2022-10-28,1,210.85,493.27
CLM-000095,2022-11-05,1,2281.82,854.03
CLM-000096,2022-11-05,1,4718.53,1364.86
CLM-000097,2022-11-08,1,5459.51,2217.62
CLM-000098,2022-12-03,1,1473.53,1040.16
CLM-000099,2022-11-22,1,792.4,0.0
CLM-000099,2022-12-22,2,1362.96,0.0
CLM-000099,2023-01-21,3,1071.36,897.52
CLM-000099,2023-02-20,4,1315.91,1257.47
CLM-000099,2023-03-22,5,1853.78,1535.46
CLM-000099,2023-04-21,6,1964.2,1869.39
CLM-000099,2023-05-21,7,2274.74,2281.15
CLM-000099,2023-06-20,8,2604.26,2335.73
CLM-000099,2023-07-20,9,2663.97,2557.04
CLM-000099,2023-08-19,10,2702.68,2350.48
CLM-000099,2023-09-18,11,2573.94,2472.24
CLM-000099,2023-10-18,12,2554.47,2304.05
CLM-000099,2023-11-17,13,2682.81,2459.79
CLM-000099,2023-12-17,14,2656.49,2448.04
CLM-000099,2024-01-16,15,2664.73,2442.18
CLM-000099,2024-02-15,16,2608.53,2515.65
CLM-000099,2024-03-16,17,2665.82,2264.74
CLM-000099,2024-04-15,18,2714.95,2477.69
CLM-000099,2024-05-15,19,2636.45,2375.07
CLM-000099,2024-06-14,20,2681.76,2388.25
CLM-000099,2024-07-14,21,2594.7,2462.29
CLM-000099,2024-08-13,22,2735.77,2599.48
CLM-000099,2024-09-12,23,2569.26,2615.15
CLM-000099,2024-10-12,24,2539.19,2376.63
CLM-000100,2022-11-20,1,393.46,242.68
CLM-000101,2022-11-24,1,1931.79,1324.83
CLM-000102,2022-11-22,1,820.73,191.95
CLM-000102,2022-12-22,2,118.87,376.48
CLM-000103,2022-11-30,1,170.83,403.09
CLM-000104,2022-11-27,1,161.5,352.22
CLM-000105,2022-11-28,1,691.67,1725.55
CLM-000105,2022-12-28,2,5146.08,3133.28
CLM-000106,2022-12-12,1,1030.87,399.22
CLM-000106,2023-01-11,2,802.11,813.31
CLM-000107,2022-12-12,1,608.53,652.8
CLM-000107,2023-01-11,2,1537.56,1224.3
CLM-000108,2022-12-17,1,20550.4,0.0
CLM-000108,2023-01-16,2,16901.63,0.0
CLM-000108,2023-02-15,3,37658.99,21444.13
CLM-000108,2023-03-17,4,26544.73,30784.2
CLM-000108,2023-04-16,5,46955.25,33921.87
CLM-000108,2023-05-16,6,47505.42,45330.47
CLM-000108,2023-06-15,7,54047.28,47362.95
CLM-000108,2023-07-15,8,60883.35,54244.0
CLM-000108,2023-08-14,9,65114.53,59302.07
CLM-000108,2023-09-13,10,61735.32,54258.97
CLM-000108,2023-10-13,11,60315.86,56890.82
CLM-000108,2023-11-12,12,59572.84,53767.63
CLM-000108,2023-12-12,13,63888.15,58735.42
CLM-000108,2024-01-11,14,60209.69,55962.61
CLM-000108,2024-02-10,15,62044.34,54715.59
CLM-000108,2024-03-11,16,61569.98,53247.07
CLM-000108,2024-04-10,17,59908.81,59171.51
CLM-000108,2024-05-10,18,61151.44,53071.02
CLM-000108,2024-06-09,19,61828.98,59641.54
CLM-000108,2024-07-09,20,59497.24,55402.4
CLM-000108,2024-08-08,21,61029.16,56336.32
CLM-000108,2024-09-07,22,61371.55,55320.02
CLM-000108,2024-10-07,23,62705.72,57666.47
CLM-000108,2024-11-06,24,63155.18,61527.86
CLM-000109,2022-12-18,1,212.72,381.56
CLM-000109,2023-01-17,2,766.6,787.14
CLM-000110,2022-12-18,1,282.16,233.28
CLM-000110,2023-01-17,2,488.08,467.35
CLM-000111,2022-12-17,1,369.83,380.55
CLM-000112,2022-12-24,1,1446.9,3285.55
CLM-000113,2022-12-20,1,1442.4,449.59
CLM-000114,2022-12-22,1,185.02,422.25
CLM-000115,2022-12-24,1,1757.72,1261.41
CLM-000116,2022-12-22,1,1007.35,622.07
CLM-000116,2023-01-21,2,718.34,1182.18
CLM-000117,2022-12-25,1,6204.36,1529.42
CLM-000118,2023-01-06,1,1866.37,920.08
CLM-000119,2023-01-02,1,535.14,733.52
CLM-000120,2023-01-11,1,1023.36,0.0
CLM-000120,2023-02-10,2,3758.27,0.0
CLM-000120,2023-03-12,3,6401.1,4911.21
CLM-000120,2023-04-11,4,7455.3,6190.39
CLM-000120,2023-05-11,5,5904.27,7587.85
CLM-000120,2023-06-10,6,9217.39,10281.21
CLM-000120,2023-07-10,7,12092.84,11219.77
CLM-000120,2023-08-09,8,13837.78,12280.01
CLM-000120,2023-09-08,9,14084.05,13496.83
CLM-000120,2023-10-08,10,13772.15,13465.45
CLM-000120,2023-11-07,11,14105.51,12281.07
CLM-000120,2023-12-07,12,14101.75,12716.74
CLM-000120,2024-01-06,13,13733.25,13869.77
CLM-000120,2024-02-05,14,14198.61,13594.27
CLM-000120,2024-03-06,15,14159.53,13658.24
CLM-000120,2024-04-05,16,13790.2,13015.78
CLM-000120,2024-05-05,17,14096.21,13881.25
CLM-000120,2024-06-04,18,14000.3,13850.02
CLM-000120,2024-07-04,19,14114.89,13627.77
CLM-000120,2024-08-03,20,13846.38,13242.8
CLM-000120,2024-09-02,21,13412.43,12372.83
CLM-000120,2024-10-02,22,13635.93,13688.33
CLM-000120,2024-11-01,23,13643.72,11994.76
CLM-000120,2024-12-01,24,13344.27,13427.78
CLM-000121,2023-01-14,1,2697.11,774.13
CLM-000121,2023-02-13,2,3644.22,1695.41
CLM-000122,2023-01-27,1,560.49,0.0
CLM-000122,2023-02-26,2,381.46,0.0
CLM-000122,2023-03-28,3,2857.28,2605.45
CLM-000122,2023-04-27,4,3461.64,3802.66
CLM-000122,2023-05-27,5,5550.42,4266.9
CLM-000122,2023-06-26,6,4517.29,4905.82
CLM-000122,2023-07-26,7,6664.36,6136.61
CLM-000122,2023-08-25,8,7429.84,7089.14
CLM-000122,2023-09-24,9,7514.93,7467.01
CLM-000122,2023-10-24,10,7556.79,6871.97
CLM-000122,2023-11-23,11,7724.68,7297.48
CLM-000122,2023-12-23,12,7749.68,7426.88
CLM-000122,2024-01-22,13,7397.4,6712.98
CLM-000122,2024-02-21,14,7527.34,6946.0
CLM-000122,2024-03-22,15,7623.57,6814.55
CLM-000122,2024-04-21,16,7667.63,7175.11
CLM-000122,2024-05-21,17,7676.9,7060.18
CLM-000122,2024-06-20,18,7681.61,7344.21
CLM-000122,2024-07-20,19,7635.33,6624.59
CLM-000122,2024-08-19,20,7231.65,7288.96
CLM-000122,2024-09-18,21,7445.44,7173.24
CLM-000122,2024-10-18,22,7548.08,7173.29
CLM-000122,2024-11-17,23,7133.83,7483.83
CLM-000122,2024-12-17,24,7416.99,6974.85
CLM-000123,2023-01-19,1,1367.52,3085.09
CLM-000123,2023-02-18,2,6393.07,6740.62
CLM-000123,2023-03-20,3,13345.7,10178.19
CLM-000124,2023-01-29,1,786.0,1343.83
CLM-000125,2023-01-29,1,50.55,0.0
CLM-000125,2023-02-28,2,303.78,0.0
CLM-000125,2023-03-30,3,406.18,348.52
CLM-000125,2023-04-29,4,587.09,459.73
CLM-000125,2023-05-29,5,738.57,621.93
CLM-000125,2023-06-28,6,773.54,686.71
CLM-000125,2023-07-28,7,873.28,839.25
CLM-000125,2023-08-27,8,989.48,892.66
CLM-000125,2023-09-26,9,1005.19,878.54
CLM-000125,2023-10-26,10,1000.96,891.86
CLM-000125,2023-11-25,11,1005.03,862.07
CLM-000125,2023-12-25,12,1031.67,873.38
CLM-000125,2024-01-24,13,1021.9,865.29
CLM-000125,2024-02-23,14,996.91,927.0
CLM-000125,2024-03-24,15,1004.67,891.2
CLM-000125,2024-04-23,16,1011.95,929.38
CLM-000125,2024-05-23,17,996.16,898.45
CLM-000125,2024-06-22,18,985.21,954.95
CLM-000125,2024-07-22,19,991.88,960.93
CLM-000125,2024-08-21,20,994.31,865.32
CLM-000125,2024-09-20,21,977.65,992.45
CLM-000125,2024-10-20,22,979.67,1005.07
CLM-000125,2024-11-19,23,1009.97,882.72
CLM-000125,2024-12-19,24,1019.71,926.62
CLM-000126,2023-02-04,1,5622.15,3061.21
CLM-000127,2023-02-04,1,335.93,801.98
CLM-000128,2023-02-10,1,495.67,1156.76
CLM-000129,2023-02-16,1,335.71,753.66
CLM-000130,2023-02-09,1,1015.88,539.17
CLM-000131,2023-02-06,1,984.95,1669.7
CLM-000131,2023-03-08,2,1767.09,3183.59
CLM-000132,2023-02-06,1,873.63,1027.56
CLM-000132,2023-03-08,2,1984.61,2046.08
CLM-000133,2023-02-13,1,42.62,92.97
CLM-000134,2023-02-10,1,119.82,270.19
CLM-000134,2023-03-12,2,800.71,598.53
CLM-000135,2023-02-28,1,213.64,280.78
CLM-000136,2023-02-14,1,2059.59,1484.07
CLM-000137,2023-02-17,1,535.56,1208.87
CLM-000137,2023-03-19,2,2940.6,2296.43
CLM-000138,2023-02-23,1,317.69,773.98
CLM-000139,2023-02-24,1,1392.28,478.8
CLM-000139,2023-03-26,2,258.6,936.21
CLM-000140,2023-02-25,1,7836.84,5589.66
CLM-000141,2023-03-02,1,1782.17,1022.6
CLM-000142,2023-03-05,1,459.9,712.32
CLM-000142,2023-04-04,2,2135.92,1485.7
CLM-000143,2023-03-08,1,3588.73,1535.36
CLM-000144,2023-03-22,1,91.46,216.28
CLM-000145,2023-03-19,1,4947.28,2593.59
CLM-000146,2023-03-21,1,477.96,1122.46
CLM-000147,2023-03-23,1,339.89,820.17
CLM-000148,2023-03-26,1,330.64,515.63
CLM-000148,2023-04-25,2,1392.28,949.41
CLM-000148,2023-05-25,3,2491.34,1586.91
CLM-000149,2023-03-28,1,129.6,151.77
CLM-000150,2023-03-26,1,110.43,87.03
CLM-000150,2023-04-25,2,175.03,176.23
CLM-000150,2023-05-25,3,131.11,259.26
CLM-000150,2023-06-24,4,281.0,356.99
CLM-000151,2023-04-05,1,167.67,389.11
CLM-000152,2023-04-05,1,354.39,810.6
CLM-000152,2023-05-05,2,1259.53,1638.97
CLM-000153,2023-04-06,1,888.58,407.77
CLM-000154,2023-04-11,1,231.01,568.95
CLM-000154,2023-05-11,2,376.72,1064.21
CLM-000155,2023-04-16,1,2995.47,1671.67
CLM-000156,2023-04-16,1,1181.73,2942.62
CLM-000156,2023-05-16,2,1210.42,5088.86
CLM-000157,2023-04-23,1,853.21,792.51
CLM-000157,2023-05-23,2,449.11,1524.57
CLM-000158,2023-04-24,1,1592.36,532.57
CLM-000159,2023-04-25,1,2483.14,1083.34
CLM-000159,2023-05-25,2,1173.9,2171.18
CLM-000159,2023-06-24,3,3393.91,2895.91
CLM-000160,2023-04-28,1,871.47,1239.35
CLM-000161,2023-05-06,1,334.89,785.39
CLM-000162,2023-05-04,1,137.92,72.62
CLM-000162,2023-06-03,2,139.62,142.57
CLM-000163,2023-05-04,1,3325.96,1589.79
CLM-000164,2023-05-05,1,633.54,295.88
CLM-000165,2023-05-15,1,1003.29,0.0
CLM-000165,2023-06-14,2,608.85,0.0
CLM-000165,2023-07-14,3,777.38,786.97
CLM-000165,2023-08-13,4,971.34,1113.7
CLM-000165,2023-09-12,5,986.7,1248.81
CLM-000165,2023-10-12,6,1614.67,1693.4
CLM-000165,2023-11-11,7,2017.01,1880.79
CLM-000165,2023-12-11,8,2357.33,2214.45
CLM-000165,2024-01-10,9,2323.72,2249.57
CLM-000165,2024-02-09,10,2261.07,2024.17
CLM-000165,2024-03-10,11,2447.83,2190.32
CLM-000165,2024-04-09,12,2396.53,2091.0
CLM-000165,2024-05-09,13,2369.75,2316.09
CLM-000165,2024-06-08,14,2409.42,2123.32
CLM-000165,2024-07-08,15,2281.16,2141.38
CLM-000165,2024-08-07,16,2336.0,2119.18
CLM-000165,2024-09-06,17,2350.16,2291.04
CLM-000165,2024-10-06,18,2392.37,2262.81
CLM-000165,2024-11-05,19,2365.52,2265.85
CLM-000165,2024-12-05,20,2386.51,2020.12
CLM-000165,2025-01-04,21,2310.32,2330.52
CLM-000165,2025-02-03,22,2402.82,2105.57
CLM-000165,2025-03-05,23,2356.93,2292.77
CLM-000165,2025-04-04,24,2389.5,2230.11
CLM-000166,2023-05-17,1,392.45,309.97
CLM-000167,2023-05-13,1,117.03,80.13
CLM-000167,2023-06-12,2,106.5,154.85
CLM-000168,2023-05-20,1,540.47,1333.82
CLM-000169,2023-05-23,1,319.39,250.4
CLM-000170,2023-05-21,1,2170.36,5082.22
CLM-000171,2023-05-21,1,824.69,666.41
CLM-000172,2023-05-21,1,3401.69,1622.33
CLM-000173,2023-05-26,1,1885.03,1971.21
CLM-000173,2023-06-25,2,3236.03,4102.83
CLM-000174,2023-05-30,1,4306.91,0.0
CLM-000174,2023-06-29,2,8523.83,0.0
CLM-000174,2023-07-29,3,16558.06,10789.49
CLM-000174,2023-08-28,4,19573.0,15859.9
CLM-000174,2023-09-27,5,21919.61,17871.77
CLM-000174,2023-10-27,6,24033.25,21663.37
CLM-000174,2023-11-26,7,31969.06,26704.3
CLM-000174,2023-12-26,8,32509.17,32607.79
CLM-000174,2024-01-25,9,33545.31,33296.88
CLM-000174,2024-02-24,10,33577.46,31972.03
CLM-000174,2024-03-25,11,32222.94,30187.1
CLM-000174,2024-04-24,12,33282.1,32905.03
CLM-000174,2024-05-24,13,34576.96,28982.62
CLM-000174,2024-06-23,14,33998.41,29803.53
CLM-000174,2024-07-23,15,34484.22,29381.18
CLM-000174,2024-08-22,16,32752.42,32060.01
CLM-000174,2024-09-21,17,33906.02,31933.9
CLM-000174,2024-10-21,18,33329.34,32215.83
CLM-000174,2024-11-20,19,34975.26,29001.94
CLM-000174,2024-12-20,20,32895.91,29996.79
CLM-000174,2025-01-19,21,33399.11,29784.66
CLM-000174,2025-02-18,22,32098.57,29695.84
CLM-000174,2025-03-20,23,33780.76,28868.84
CLM-000174,2025-04-19,24,33633.1,28893.49
CLM-000175,2023-06-04,1,318.77,281.44
CLM-000176,2023-06-03,1,684.2,1553.55
CLM-000176,2023-07-03,2,8814.37,3156.18
CLM-000177,2023-06-21,1,336.71,806.04
CLM-000178,2023-06-12,1,2354.49,1559.95
CLM-000179,2023-06-17,1,175.87,433.9
CLM-000180,2023-06-12,1,19.01,41.09
CLM-000180,2023-07-12,2,114.33,89.58
CLM-000181,2023-06-22,1,240.1,530.78
CLM-000181,2023-07-22,2,1601.58,1161.61
CLM-000182,2023-06-24,1,1055.78,838.48
CLM-000182,2023-07-24,2,2207.91,1652.38
CLM-000183,2023-06-23,1,1625.48,667.96
CLM-000183,2023-07-23,2,386.54,1289.01
CLM-000184,2023-06-28,1,1169.43,1578.02
CLM-000185,2023-07-01,1,1731.29,668.75
CLM-000185,2023-07-31,2,1100.96,1258.74
CLM-000186,2023-06-30,1,1773.63,0.0
CLM-000186,2023-07-30,2,2372.24,0.0
CLM-000186,2023-08-29,3,2526.82,1827.88
CLM-000186,2023-09-28,4,2617.72,2548.44
CLM-000186,2023-10-28,5,3698.47,3050.2
CLM-000186,2023-11-27,6,3616.8,3573.88
CLM-000186,2023-12-27,7,4608.2,4049.31
CLM-000186,2024-01-26,8,5182.54,4397.02
CLM-000186,2024-02-25,9,5083.78,4539.93
CLM-000186,2024-03-26,10,5182.3,4424.39
CLM-000186,2024-04-25,11,5117.93,4518.38
CLM-000186,2024-05-25,12,4999.87,4636.1
CLM-000186,2024-06-24,13,5202.41,4477.08
CLM-000186,2024-07-24,14,5037.01,4636.04
CLM-000186,2024-08-23,15,5158.0,4761.19
CLM-000186,2024-09-22,16,5154.81,4944.81
CLM-000186,2024-10-22,17,5017.26,5025.58
CLM-000186,2024-11-21,18,5074.59,4712.17
CLM-000186,2024-12-21,19,5121.89,5116.19
CLM-000186,2025-01-20,20,5203.89,4568.97
CLM-000186,2025-02-19,21,5205.97,4576.81
CLM-000186,2025-03-21,22,5263.28,4810.83
CLM-000186,2025-04-20,23,5250.69,4793.83
CLM-000186,2025-05-20,24,5209.46,4565.7
CLM-000187,2023-07-09,1,823.0,474.11
CLM-000187,2023-08-08,2,216.12,958.38
CLM-000188,2023-07-11,1,3992.5,1287.59
CLM-000188,2023-08-10,2,3685.88,2786.54
CLM-000189,2023-07-10,1,618.81,498.93
CLM-000190,2023-07-14,1,4.94,10.87
CLM-000191,2023-07-13,1,1287.61,424.93
CLM-000192,2023-07-21,1,376.93,845.45
CLM-000193,2023-07-29,1,1977.14,653.05
CLM-000193,2023-08-28,2,1754.51,1242.72
CLM-000194,2023-07-22,1,20.87,49.41
CLM-000194,2023-08-21,2,221.44,92.37
CLM-000195,2023-07-23,1,760.71,0.0
CLM-000195,2023-08-22,2,965.37,0.0
CLM-000195,2023-09-21,3,514.57,1152.83
CLM-000195,2023-10-21,4,1309.71,1482.56
CLM-000195,2023-11-20,5,2029.87,1662.29
CLM-000195,2023-12-20,6,2435.5,2307.4
CLM-000195,2024-01-19,7,2663.49,2508.42
CLM-000195,2024-02-18,8,3107.56,2764.2
CLM-000195,2024-03-19,9,3164.87,3021.65
CLM-000195,2024-04-18,10,3019.88,3001.47
CLM-000195,2024-05-18,11,3158.23,2643.89
CLM-000195,2024-06-17,12,3288.93,2752.45
CLM-000195,2024-07-17,13,3050.0,2984.62
CLM-000195,2024-08-16,14,3091.85,2855.06
CLM-000195,2024-09-15,15,3112.71,2694.3
CLM-000195,2024-10-15,16,3016.45,3025.79
CLM-000195,2024-11-14,17,3068.76,2821.2
CLM-000195,2024-12-14,18,3148.32,2979.42
CLM-000195,2025-01-13,19,3044.37,2656.75
CLM-000195,2025-02-12,20,3070.55,2842.84
CLM-000195,2025-03-14,21,3096.6,2638.62
CLM-000195,2025-04-13,22,3091.02,2834.63
CLM-000195,2025-05-13,23,3039.94,2997.4
CLM-000195,2025-06-12,24,3116.77,2985.64
CLM-000196,2023-07-25,1,5767.0,5000.94
CLM-000197,2023-08-04,1,1175.13,850.56
CLM-000198,2023-08-04,1,444.47,0.0
CLM-000198,2023-09-03,2,2065.95,0.0
CLM-000198,2023-10-03,3,2851.14,2817.71
CLM-000198,2023-11-02,4,3000.89,3694.45
CLM-000198,2023-12-02,5,4490.53,4381.23
CLM-000198,2024-01-01,6,6440.93,5641.33
CLM-000198,2024-01-31,7,6504.18,6603.73
CLM-000198,2024-03-01,8,7668.28,6702.89
CLM-000198,2024-03-31,9,7623.79,7628.35
CLM-000198,2024-04-30,10,7459.87,6833.32
CLM-000198,2024-05-30,11,7652.63,7602.07
CLM-000198,2024-06-29,12,7870.41,6633.72
CLM-000198,2024-07-29,13,7738.68,7585.14
CLM-000198,2024-08-28,14,7486.83,7448.91
CLM-000198,2024-09-27,15,7809.4,7676.55
CLM-000198,2024-10-27,16,7680.49,7120.64
CLM-000198,2024-11-26,17,7718.41,7062.9
CLM-000198,2024-12-26,18,7590.53,7260.52
CLM-000198,2025-01-25,19,7899.97,6845.78
CLM-000198,2025-02-24,20,7724.55,7467.28
CLM-000198,2025-03-26,21,7820.65,7677.28
CLM-000198,2025-04-25,22,7767.5,7601.31
CLM-000198,2025-05-25,23,7696.25,6926.22
CLM-000198,2025-06-24,24,7465.68,7439.28
CLM-000199,2023-08-10,1,1555.13,693.45
CLM-000200,2023-08-11,1,387.4,104.48
CLM-000200,2023-09-10,2,285.9,228.46
CLM-000201,2023-08-14,1,4744.89,1907.58
CLM-000201,2023-09-13,2,2200.72,4448.75
CLM-000202,2023-08-19,1,138.66,338.6
CLM-000202,2023-09-18,2,382.96,589.78
CLM-000203,2023-08-19,1,6093.58,3202.05
CLM-000203,2023-09-18,2,10575.47,6616.87
CLM-000204,2023-09-05,1,2590.1,1617.75
CLM-000205,2023-09-04,1,156.86,375.91
CLM-000206,2023-08-31,1,154.13,377.9
CLM-000207,2023-09-09,1,285.53,0.0
CLM-000207,2023-10-09,2,158.18,0.0
CLM-000207,2023-11-08,3,681.68,518.64
CLM-000207,2023-12-08,4,745.06,723.74
CLM-000207,2024-01-07,5,727.0,858.07
CLM-000207,2024-02-06,6,1202.99,1069.77
CLM-000207,2024-03-07,7,1323.69,1320.73
CLM-000207,2024-04-06,8,1471.67,1412.41
CLM-000207,2024-05-06,9,1517.3,1407.8
CLM-000207,2024-06-05,10,1552.14,1413.12
CLM-000207,2024-07-05,11,1580.11,1316.39
CLM-000207,2024-08-04,12,1586.88,1351.96
CLM-000207,2024-09-03,13,1554.23,1419.12
CLM-000207,2024-10-03,14,1508.78,1401.94
CLM-000207,2024-11-02,15,1572.9,1331.97
CLM-000207,2024-12-02,16,1506.69,1308.41
CLM-000207,2025-01-01,17,1588.96,1318.64
CLM-000207,2025-01-31,18,1549.18,1357.1
CLM-000207,2025-03-02,19,1506.88,1316.82
CLM-000207,2025-04-01,20,1502.41,1490.07
CLM-000207,2025-05-01,21,1528.99,1511.7
CLM-000207,2025-05-31,22,1572.4,1512.72
CLM-000207,2025-06-30,23,1540.97,1306.26
CLM-000207,2025-07-30,24,1520.21,1422.01
CLM-000208,2023-09-04,1,365.54,0.0
CLM-000208,2023-10-04,2,861.92,0.0
CLM-000208,2023-11-03,3,1117.31,734.93
CLM-000208,2023-12-03,4,1110.23,1069.86
CLM-000208,2024-01-02,5,1235.34,1193.73
CLM-000208,2024-02-01,6,1749.58,1555.61
CLM-000208,2024-03-02,7,1830.81,1708.78
CLM-000208,2024-04-01,8,2327.1,1951.52
CLM-000208,2024-05-01,9,2221.4,1939.74
CLM-000208,2024-05-31,10,2286.3,2206.0
CLM-000208,2024-06-30,11,2288.74,2017.09
CLM-000208,2024-07-30,12,2239.61,1955.58
CLM-000208,2024-08-29,13,2259.39,2040.36
CLM-000208,2024-09-28,14,2257.0,2061.31
CLM-000208,2024-10-28,15,2247.8,2188.32
CLM-000208,2024-11-27,16,2192.2,1951.09
CLM-000208,2024-12-27,17,2270.27,1963.09
CLM-000208,2025-01-26,18,2273.65,1985.51
CLM-000208,2025-02-25,19,2306.67,2022.51
CLM-000208,2025-03-27,20,2248.5,1934.73
CLM-000208,2025-04-26,21,2210.08,2101.24
CLM-000208,2025-05-26,22,2243.96,1964.91
CLM-000208,2025-06-25,23,2279.86,2080.01
CLM-000208,2025-07-25,24,2276.99,2187.72
CLM-000209,2023-09-04,1,258.77,151.78
CLM-000210,2023-09-03,1,208.74,0.0
CLM-000210,2023-10-03,2,1202.82,0.0
CLM-000210,2023-11-02,3,1786.67,1382.16
CLM-000210,2023-12-02,4,2249.93,2003.98
CLM-000210,2024-01-01,5,3067.29,2310.64
CLM-000210,2024-01-31,6,2706.44,2783.24
CLM-000210,2024-03-01,7,3667.41,3558.76
CLM-000210,2024-03-31,8,4200.6,3959.7
CLM-000210,2024-04-30,9,4238.78,3626.92
CLM-000210,2024-05-30,10,3970.79,3908.28
CLM-000210,2024-06-29,11,4171.47,3930.43
CLM-000210,2024-07-29,12,4255.79,3648.38
CLM-000210,2024-08-28,13,4139.12,3631.02
CLM-000210,2024-09-27,14,4147.93,4045.53
CLM-000210,2024-10-27,15,4059.89,3818.58
CLM-000210,2024-11-26,16,4183.06,4047.68
CLM-000210,2024-12-26,17,4226.3,4056.17
CLM-000210,2025-01-25,18,4194.7,3653.72
CLM-000210,2025-02-24,19,4082.3,3927.27
CLM-000210,2025-03-26,20,4136.48,4118.39
CLM-000210,2025-04-25,21,4180.41,4093.08
CLM-000210,2025-05-25,22,4095.71,3744.77
CLM-000210,2025-06-24,23,4182.78,3858.11
CLM-000210,2025-07-24,24,4123.79,4131.63
CLM-000211,2023-09-04,1,367.51,917.39
CLM-000211,2023-10-04,2,2185.14,1659.32
CLM-000212,2023-09-08,1,5932.33,1995.89
CLM-000212,2023-10-08,2,7790.66,4295.89
CLM-000213,2023-09-17,1,697.32,0.0
CLM-000213,2023-10-17,2,402.56,0.0
CLM-000213,2023-11-16,3,4402.94,2789.01
CLM-000213,2023-12-16,4,4697.97,3961.12
CLM-000213,2024-01-15,5,4724.69,4821.01
CLM-000213,2024-02-14,6,6409.21,5592.96
CLM-000213,2024-03-15,7,6792.75,6057.08
CLM-000213,2024-04-14,8,8280.83,6913.08
CLM-000213,2024-05-14,9,8245.37,7292.67
CLM-000213,2024-06-13,10,7778.35,7210.54
CLM-000213,2024-07-13,11,8134.02,7350.2
CLM-000213,2024-08-12,12,8214.69,8042.59
CLM-000213,2024-09-11,13,8310.32,7426.21
CLM-000213,2024-10-11,14,7922.43,7646.54
CLM-000213,2024-11-10,15,8051.8,7314.99
CLM-000213,2024-12-10,16,7983.67,7012.56
CLM-000213,2025-01-09,17,8234.22,8048.63
CLM-000213,2025-02-08,18,7998.5,6960.79
CLM-000213,2025-03-10,19,8212.6,7580.35
CLM-000213,2025-04-09,20,7865.53,7662.06
CLM-000213,2025-05-09,21,7893.85,6929.91
CLM-000213,2025-06-08,22,8105.24,7725.71
CLM-000213,2025-07-08,23,8251.83,7434.82
CLM-000213,2025-08-07,24,8102.11,7888.34
CLM-000214,2023-09-17,1,1140.86,696.27
CLM-000215,2023-09-16,1,1510.76,3593.29
CLM-000215,2023-10-16,2,7754.72,6757.89
CLM-000216,2023-09-21,1,2290.95,1170.98
CLM-000217,2023-09-19,1,145.41,190.34
CLM-000218,2023-09-24,1,101.72,225.03
CLM-000218,2023-10-24,2,528.48,434.14
CLM-000218,2023-11-23,3,894.31,706.0
CLM-000218,2023-12-23,4,958.26,878.82
CLM-000219,2023-09-21,1,150.15,355.5
CLM-000219,2023-10-21,2,1420.66,644.59
CLM-000219,2023-11-20,3,665.84,1078.78
CLM-000220,2023-09-27,1,3038.2,0.0
CLM-000220,2023-10-27,2,23678.99,0.0
CLM-000220,2023-11-26,3,17662.45,21048.1
CLM-000220,2023-12-26,4,32320.43,30103.38
CLM-000220,2024-01-25,5,42385.64,36752.77
CLM-000220,2024-02-24,6,48791.95,41108.15
CLM-000220,2024-03-25,7,49721.71,52514.3
CLM-000220,2024-04-24,8,59183.13,52903.53
CLM-000220,2024-05-24,9,60336.3,53395.33
CLM-000220,2024-06-23,10,59417.38,54153.85
CLM-000220,2024-07-23,11,60868.74,57387.6
CLM-000220,2024-08-22,12,60992.98,56810.81
CLM-000220,2024-09-21,13,58929.34,59589.91
CLM-000220,2024-10-21,14,62329.62,58478.01
CLM-000220,2024-11-20,15,61638.85,53560.11
CLM-000220,2024-12-20,16,61170.53,56629.09
CLM-000220,2025-01-19,17,61088.36,55414.82
CLM-000220,2025-02-18,18,57931.66,57356.29
CLM-000220,2025-03-20,19,62344.04,60290.19
CLM-000220,2025-04-19,20,61361.45,56503.45
CLM-000220,2025-05-19,21,61008.34,55943.56
CLM-000220,2025-06-18,22,60697.82,53603.03
CLM-000220,2025-07-18,23,62805.22,57850.24
CLM-000220,2025-08-17,24,61041.09,53268.97
CLM-000221,2023-10-07,1,35.59,87.74
CLM-000222,2023-10-04,1,331.13,0.0
CLM-000222,2023-11-03,2,770.58,0.0
CLM-000222,2023-12-03,3,1878.84,1801.85
CLM-000222,2024-01-02,4,1907.29,2277.8
CLM-000222,2024-02-01,5,3280.76,2905.16
CLM-000222,2024-03-02,6,3575.0,3452.15
CLM-000222,2024-04-01,7,4275.62,4166.35
CLM-000222,2024-05-01,8,4662.21,4134.06
CLM-000222,2024-05-31,9,4882.51,4714.15
CLM-000222,2024-06-30,10,4815.9,4478.27
CLM-000222,2024-07-30,11,4896.9,4248.64
CLM-000222,2024-08-29,12,4799.57,4607.98
CLM-000222,2024-09-28,13,4775.99,4099.01
CLM-000222,2024-10-28,14,4904.95,4245.43
CLM-000222,2024-11-27,15,4867.01,4365.42
CLM-000222,2024-12-27,16,4978.91,4500.62
CLM-000222,2025-01-26,17,4983.98,4476.57
CLM-000222,2025-02-25,18,4692.46,4137.85
CLM-000222,2025-03-27,19,4706.98,4400.24
CLM-000222,2025-04-26,20,4854.38,4225.44
CLM-000222,2025-05-26,21,4872.17,4732.4
CLM-000222,2025-06-25,22,4703.85,4315.27
CLM-000222,2025-07-25,23,4808.03,4383.13
CLM-000222,2025-08-24,24,4628.2,4141.1
CLM-000223,2023-10-10,1,12087.85,28252.7
CLM-000223,2023-11-09,2,41823.09,54177.61
CLM-000223,2023-12-09,3,50618.42,81439.08
CLM-000224,2023-10-22,1,552.0,341.67
CLM-000225,2023-10-19,1,50.65,114.87
CLM-000226,2023-10-23,1,1540.66,591.71
CLM-000226,2023-11-22,2,2041.3,1176.43
CLM-000226,2023-12-22,3,3659.58,1890.32
CLM-000227,2023-10-27,1,72.03,163.88
CLM-000228,2023-10-26,1,212.16,513.78
CLM-000228,2023-11-25,2,621.0,919.95
CLM-000229,2023-10-29,1,953.39,454.16
CLM-000230,2023-10-29,1,1554.37,2145.55
CLM-000230,2023-11-28,2,3173.33,4365.31
CLM-000231,2023-11-07,1,402.31,419.03
CLM-000231,2023-12-07,2,922.68,850.92
CLM-000231,2024-01-06,3,1802.85,1261.98
CLM-000232,2023-10-31,1,395.57,961.16
CLM-000232,2023-11-30,2,2516.2,1752.92
CLM-000233,2023-10-29,1,1772.78,806.33
CLM-000234,2023-11-09,1,3705.6,1289.06
CLM-000234,2023-12-09,2,3457.47,2327.61
CLM-000235,2023-11-06,1,996.35,1017.21
CLM-000235,2023-12-06,2,2218.01,1971.71
CLM-000236,2023-11-10,1,880.46,305.53
CLM-000236,2023-12-10,2,825.41,637.42
CLM-000237,2023-11-16,1,414.38,905.22
CLM-000237,2023-12-16,2,2771.27,2044.29
CLM-000238,2023-11-23,1,3780.22,1733.52
CLM-000239,2023-11-22,1,438.05,0.0
CLM-000239,2023-12-22,2,1371.36,0.0
CLM-000239,2024-01-21,3,2547.86,3038.56
CLM-000239,2024-02-20,4,3277.97,4039.86
CLM-000239,2024-03-21,5,5428.94,5315.53
CLM-000239,2024-04-20,6,6097.34,6146.49
CLM-000239,2024-05-20,7,7877.76,7155.59
CLM-000239,2024-06-19,8,8946.95,8096.74
CLM-000239,2024-07-19,9,8816.53,7728.19
CLM-000239,2024-08-18,10,8567.16,8539.04
CLM-000239,2024-09-17,11,8720.5,7889.96
CLM-000239,2024-10-17,12,8996.25,8067.48
CLM-000239,2024-11-16,13,8405.46,8755.82
CLM-000239,2024-12-16,14,8624.98,8336.2
CLM-000239,2025-01-15,15,8395.1,7911.3
CLM-000239,2025-02-14,16,8572.39,8480.7
CLM-000239,2025-03-16,17,8780.14,8335.31
CLM-000239,2025-04-15,18,8698.92,8156.49
CLM-000239,2025-05-15,19,8640.95,8680.5
CLM-000239,2025-06-14,20,8706.09,7897.39
CLM-000239,2025-07-14,21,9019.89,7852.47
CLM-000239,2025-08-13,22,8826.58,7718.21
CLM-000239,2025-09-12,23,8954.09,8759.12
CLM-000239,2025-10-12,24,8261.4,8337.88
CLM-000240,2023-11-21,1,7579.03,7533.74
CLM-000240,2023-12-21,2,18255.44,15884.92
CLM-000241,2023-11-27,1,1273.21,2977.96
CLM-000242,2023-11-28,1,298.59,379.8
CLM-000242,2023-12-28,2,726.94,868.56
CLM-000243,2023-12-03,1,3719.8,1735.87
CLM-000243,2024-01-02,2,9660.28,3277.38
CLM-000244,2023-12-16,1,644.79,1571.93
CLM-000245,2023-12-13,1,409.48,709.4
CLM-000246,2023-12-10,1,970.34,0.0
CLM-000246,2024-01-09,2,1693.04,0.0
CLM-000246,2024-02-08,3,1489.34,2353.18
CLM-000246,2024-03-09,4,2981.15,2883.81
CLM-000246,2024-04-08,5,3669.18,3653.36
CLM-000246,2024-05-08,6,4584.71,4202.47
CLM-000246,2024-06-07,7,5837.1,4815.96
CLM-000246,2024-07-07,8,6577.19,5791.75
CLM-000246,2024-08-06,9,6489.3,5685.03
CLM-000246,2024-09-05,10,6684.85,5967.57
CLM-000246,2024-10-05,11,6264.56,5618.25
CLM-000246,2024-11-04,12,6741.46,6156.0
CLM-000246,2024-12-04,13,6648.96,5842.42
CLM-000246,2025-01-03,14,6468.84,5902.36
CLM-000246,2025-02-02,15,6781.75,5569.25
CLM-000246,2025-03-04,16,6553.03,6316.54
CLM-000246,2025-04-03,17,6614.19,6051.22
CLM-000246,2025-05-03,18,6567.17,6250.05
CLM-000246,2025-06-02,19,6492.4,5508.75
CLM-000246,2025-07-02,20,6304.64,5717.66
CLM-000246,2025-08-01,21,6345.94,6171.24
CLM-000246,2025-08-31,22,6211.35,5684.48
CLM-000246,2025-09-30,23,6554.41,6068.76
CLM-000246,2025-10-30,24,6429.81,6313.56
CLM-000247,2023-12-18,1,62.79,142.45
CLM-000248,2023-12-16,1,5281.37,1003.62
CLM-000248,2024-01-15,2,1289.03,2164.51
CLM-000249,2023-12-21,1,364.61,0.0
CLM-000249,2024-01-20,2,930.64,0.0
CLM-000249,2024-02-19,3,2445.84,2524.67
CLM-000249,2024-03-20,4,4011.45,3548.06
CLM-000249,2024-04-19,5,4687.11,4202.02
CLM-000249,2024-05-19,6,5097.25,5279.55
CLM-000249,2024-06-18,7,6182.11,5894.13
CLM-000249,2024-07-18,8,7281.79,6550.92
CLM-000249,2024-08-17,9,7180.88,6345.39
CLM-000249,2024-09-16,10,7552.41,6324.79
CLM-000249,2024-10-16,11,7471.23,6802.54
CLM-000249,2024-11-15,12,7099.16,6857.44
CLM-000249,2024-12-15,13,7055.01,6435.25
CLM-000249,2025-01-14,14,7372.13,6649.95
CLM-000249,2025-02-13,15,7445.63,7228.13
CLM-000249,2025-03-15,16,7289.99,7031.59
CLM-000249,2025-04-14,17,7107.59,6551.38
CLM-000249,2025-05-14,18,7118.4,6657.24
CLM-000249,2025-06-13,19,7517.06,6887.03
CLM-000249,2025-07-13,20,7198.6,6460.8
CLM-000249,2025-08-12,21,7239.54,7031.52
CLM-000249,2025-09-11,22,7271.73,6721.41
CLM-000249,2025-10-11,23,7366.6,6882.36
CLM-000249,2025-11-10,24,7343.43,6623.36
CLM-000250,2023-12-20,1,224.81,350.89
CLM-000250,2024-01-19,2,704.09,715.17
CLM-000251,2024-01-01,1,378.35,855.9
CLM-000251,2024-01-31,2,1337.78,1763.0
CLM-000252,2023-12-21,1,188.45,191.27
CLM-000253,2023-12-24,1,123.5,266.6
CLM-000253,2024-01-23,2,809.84,594.29
CLM-000254,2024-01-01,1,65.94,143.08
CLM-000255,2023-12-25,1,8526.08,2686.04
CLM-000255,2024-01-24,2,3699.28,5461.38
CLM-000256,2023-12-25,1,94.94,234.1
CLM-000256,2024-01-24,2,94.94,432.99
CLM-000256,2024-02-23,3,1032.42,659.15
CLM-000257,2023-12-26,1,132.49,315.67
CLM-000258,2024-01-08,1,344.59,849.22
CLM-000259,2024-01-05,1,97.93,63.99
CLM-000260,2024-01-15,1,579.89,569.01
CLM-000261,2024-01-14,1,32.99,80.25
CLM-000262,2024-01-13,1,1915.56,1850.93
CLM-000262,2024-02-12,2,4141.76,3740.71
CLM-000262,2024-03-13,3,8372.02,6090.88
CLM-000263,2024-01-14,1,278.16,0.0
CLM-000263,2024-02-13,2,1113.49,0.0
CLM-000263,2024-03-14,3,1993.9,2015.73
CLM-000263,2024-04-13,4,1762.81,2485.82
CLM-000263,2024-05-13,5,4591.69,3163.72
CLM-000263,2024-06-12,6,4365.83,3618.19
CLM-000263,2024-07-12,7,4801.44,4676.43
CLM-000263,2024-08-11,8,5733.62,5526.62
CLM-000263,2024-09-10,9,5476.48,5470.14
CLM-000263,2024-10-10,10,5475.17,5097.63
CLM-000263,2024-11-09,11,5431.2,5121.0
CLM-000263,2024-12-09,12,5540.86,5544.77
CLM-000263,2025-01-08,13,5581.76,4902.65
CLM-000263,2025-02-07,14,5679.59,4750.92
CLM-000263,2025-03-09,15,5622.63,4806.41
CLM-000263,2025-04-08,16,5424.26,4983.39
CLM-000263,2025-05-08,17,5518.9,4783.06
CLM-000263,2025-06-07,18,5434.31,5334.61
CLM-000263,2025-07-07,19,5431.19,5194.13
CLM-000263,2025-08-06,20,5470.5,4758.45
CLM-000263,2025-09-05,21,5446.67,4763.18
CLM-000263,2025-10-05,22,5657.97,4919.45
CLM-000263,2025-11-04,23,5507.41,5125.2
CLM-000263,2025-12-04,24,5645.84,4731.43
CLM-000264,2024-01-23,1,2927.23,0.0
CLM-000264,2024-02-22,2,3560.43,0.0
CLM-000264,2024-03-23,3,5467.27,4780.35
CLM-000264,2024-04-22,4,5962.09,6098.48
CLM-000264,2024-05-22,5,8594.96,8467.05
CLM-000264,2024-06-21,6,11276.99,10320.77
CLM-000264,2024-07-21,7,12365.38,12280.24
CLM-000264,2024-08-20,8,14542.15,13259.23
CLM-000264,2024-09-19,9,14437.65,12610.05
CLM-000264,2024-10-19,10,14529.24,12175.96
CLM-000264,2024-11-18,11,14278.15,14263.24
CLM-000264,2024-12-18,12,14251.77,13235.3
CLM-000264,2025-01-17,13,14360.72,13883.39
CLM-000264,2025-02-16,14,14043.45,12422.18
CLM-000264,2025-03-18,15,14072.81,13224.96
CLM-000264,2025-04-17,16,14454.85,13551.52
CLM-000264,2025-05-17,17,14804.24,13146.74
CLM-000264,2025-06-16,18,13989.19,13375.78
CLM-000264,2025-07-16,19,14564.82,13475.0
CLM-000264,2025-08-15,20,14174.76,12836.41
CLM-000264,2025-09-14,21,14404.6,12660.47
CLM-000264,2025-10-14,22,14035.26,13093.86
CLM-000264,2025-11-13,23,14290.39,13233.0
CLM-000264,2025-12-13,24,14750.17,13867.67
CLM-000265,2024-01-18,1,4203.67,1580.09
CLM-000266,2024-01-30,1,4445.27,1730.92
CLM-000266,2024-02-29,2,3371.55,3624.41
CLM-000267,2024-01-22,1,1925.59,4751.49
CLM-000268,2024-01-24,1,1612.99,605.14
CLM-000268,2024-02-23,2,1816.93,1315.8
CLM-000269,2024-01-31,1,281.1,694.71
CLM-000270,2024-01-26,1,111.04,0.0
CLM-000270,2024-02-25,2,554.28,0.0
CLM-000270,2024-03-26,3,641.29,591.13
CLM-000270,2024-04-25,4,745.58,865.88
CLM-000270,2024-05-25,5,1007.83,966.22
CLM-000270,2024-06-24,6,1152.58,1293.23
CLM-000270,2024-07-24,7,1502.89,1375.85
CLM-000270,2024-08-23,8,1757.0,1619.81
CLM-000270,2024-09-22,9,1746.27,1734.76
CLM-000270,2024-10-22,10,1796.65,1570.95
CLM-000270,2024-11-21,11,1755.29,1541.63
CLM-000270,2024-12-21,12,1730.58,1566.66
CLM-000270,2025-01-20,13,1697.08,1644.8
CLM-000270,2025-02-19,14,1795.68,1498.44
CLM-000270,2025-03-21,15,1727.56,1561.19
CLM-000270,2025-04-20,16,1837.51,1592.92
CLM-000270,2025-05-20,17,1806.53,1695.78
CLM-000270,2025-06-19,18,1765.22,1632.93
CLM-000270,2025-07-19,19,1754.45,1715.84
CLM-000270,2025-08-18,20,1732.4,1539.95
CLM-000270,2025-09-17,21,1694.77,1517.29
CLM-000270,2025-10-17,22,1786.47,1547.92
CLM-000270,2025-11-16,23,1761.65,1525.1
CLM-000270,2025-12-16,24,1725.5,1741.86
CLM-000271,2024-01-31,1,3578.24,3861.51
CLM-000272,2024-01-28,1,44.15,99.54
CLM-000273,2024-01-26,1,331.23,179.98
CLM-000273,2024-02-25,2,693.94,374.3
CLM-000273,2024-03-26,3,767.33,506.92
CLM-000274,2024-02-01,1,11542.06,5011.13
CLM-000274,2024-03-02,2,10798.36,8953.49
CLM-000275,2024-02-02,1,2417.34,2136.48
CLM-000275,2024-03-03,2,2334.28,4666.65
CLM-000276,2024-02-11,1,237.45,304.12
CLM-000277,2024-02-05,1,2225.68,5466.44
CLM-000278,2024-02-07,1,241.93,459.21
CLM-000279,2024-02-13,1,443.8,1011.45
CLM-000280,2024-02-06,1,4204.13,2396.76
CLM-000281,2024-02-11,1,3593.82,2776.28
CLM-000282,2024-02-14,1,932.74,2090.1
CLM-000283,2024-02-12,1,3817.67,2625.63
CLM-000284,2024-02-11,1,840.78,1031.18
CLM-000285,2024-02-16,1,494.5,848.26
CLM-000286,2024-02-19,1,5826.48,2411.94
CLM-000287,2024-02-16,1,3406.98,2309.36
CLM-000287,2024-03-17,2,3526.1,4261.67
CLM-000288,2024-02-16,1,849.69,0.0
CLM-000288,2024-03-17,2,799.47,0.0
CLM-000288,2024-04-16,3,260.8,956.94
CLM-000288,2024-05-16,4,1721.74,1295.81
CLM-000288,2024-06-15,5,1582.73,1637.46
CLM-000288,2024-07-15,6,2178.14,1765.6
CLM-000288,2024-08-14,7,2311.64,2349.86
CLM-000288,2024-09-13,8,2673.5,2508.55
CLM-000288,2024-10-13,9,2713.0,2671.33
CLM-000288,2024-11-12,10,2736.6,2460.29
CLM-000288,2024-12-12,11,2695.26,2584.85
CLM-000288,2025-01-11,12,2741.9,2347.38
CLM-000288,2025-02-10,13,2762.37,2713.81
CLM-000288,2025-03-12,14,2719.55,2715.41
CLM-000288,2025-04-11,15,2630.5,2559.53
CLM-000288,2025-05-11,16,2641.12,2641.63
CLM-000288,2025-06-10,17,2705.05,2532.33
CLM-000288,2025-07-10,18,2709.98,2348.91
CLM-000288,2025-08-09,19,2710.93,2556.21
CLM-000288,2025-09-08,20,2752.66,2389.13
CLM-000288,2025-10-08,21,2757.59,2616.92
CLM-000288,2025-11-07,22,2709.4,2717.27
CLM-000288,2025-12-07,23,2723.27,2516.81
CLM-000288,2026-01-06,24,2728.81,2692.15
CLM-000289,2024-02-20,1,544.01,244.54
CLM-000289,2024-03-21,2,724.19,453.55
CLM-000290,2024-02-18,1,621.67,1529.98
CLM-000291,2024-02-26,1,138.25,249.14
CLM-000291,2024-03-27,2,401.43,541.33
CLM-000292,2024-03-10,1,258.07,620.56
CLM-000292,2024-04-09,2,2141.15,1233.42
CLM-000293,2024-03-06,1,856.21,1087.74
CLM-000293,2024-04-05,2,4470.51,2253.46
CLM-000293,2024-05-05,3,1888.15,3013.4
CLM-000294,2024-03-11,1,40.02,89.75
CLM-000295,2024-03-07,1,1252.08,842.46
CLM-000295,2024-04-06,2,2467.29,1591.9
CLM-000296,2024-03-08,1,839.0,1883.45
CLM-000296,2024-04-07,2,4985.43,3941.18
CLM-000297,2024-03-13,1,2121.01,0.0
CLM-000297,2024-04-12,2,16554.44,0.0
CLM-000297,2024-05-12,3,2518.48,13718.11
CLM-000297,2024-06-11,4,24638.0,20696.83
CLM-000297,2024-07-11,5,25096.31,26183.64
CLM-000297,2024-08-10,6,30588.22,29017.43
CLM-000297,2024-09-09,7,33141.19,33998.28
CLM-000297,2024-10-09,8,41345.82,39142.71
CLM-000297,2024-11-08,9,41601.75,38706.11
CLM-000297,2024-12-08,10,42039.15,37826.92
CLM-000297,2025-01-07,11,41197.75,39864.91
CLM-000297,2025-02-06,12,42804.65,42154.63
CLM-000297,2025-03-08,13,42642.85,39282.78
CLM-000297,2025-04-07,14,41064.81,37471.95
CLM-000297,2025-05-07,15,41396.54,40171.28
CLM-000297,2025-06-06,16,42490.14,36421.22
CLM-000297,2025-07-06,17,41807.11,36900.67
CLM-000297,2025-08-05,18,42348.37,42077.08
CLM-000297,2025-09-04,19,42449.26,38171.83
CLM-000297,2025-10-04,20,43208.96,36849.88
CLM-000297,2025-11-03,21,41534.45,41752.63
CLM-000297,2025-12-03,22,44066.32,42327.18
CLM-000297,2026-01-02,23,43644.78,40117.06
CLM-000297,2026-02-01,24,41473.83,39086.28
CLM-000298,2024-03-15,1,491.08,674.1
CLM-000298,2024-04-14,2,991.67,1389.53
CLM-000299,2024-03-20,1,805.97,633.74
CLM-000300,2024-03-23,1,254.79,585.43
CLM-000301,2024-03-23,1,2028.5,1735.04
CLM-000301,2024-04-22,2,3034.6,3986.98
CLM-000302,2024-03-29,1,86.27,150.28
CLM-000303,2024-03-28,1,1005.4,319.26
CLM-000304,2024-03-28,1,787.46,1833.7
CLM-000304,2024-04-27,2,9019.91,3730.8
CLM-000305,2024-04-07,1,1523.34,635.35
CLM-000306,2024-04-12,1,2905.54,1888.74
CLM-000307,2024-04-07,1,8808.53,3510.27
CLM-000308,2024-04-15,1,589.37,570.47
CLM-000308,2024-05-15,2,1890.44,1188.76
CLM-000308,2024-06-14,3,1559.45,1871.38
CLM-000309,2024-04-15,1,447.76,190.47
CLM-000310,2024-04-17,1,1791.34,1134.88
CLM-000311,2024-04-14,1,117.25,273.12
CLM-000312,2024-04-11,1,182.25,0.0
CLM-000312,2024-05-11,2,943.35,0.0
CLM-000312,2024-06-10,3,1487.56,1335.86
CLM-000312,2024-07-10,4,1316.41,1672.65
CLM-000312,2024-08-09,5,1744.28,1969.08
CLM-000312,2024-09-08,6,2368.62,2373.73
CLM-000312,2024-10-08,7,3030.72,2861.44
CLM-000312,2024-11-07,8,3536.83,3315.77
CLM-000312,2024-12-07,9,3713.7,3298.59
CLM-000312,2025-01-06,10,3744.98,3616.55
CLM-000312,2025-02-05,11,3675.26,3215.86
CLM-000312,2025-03-07,12,3624.08,3522.32
CLM-000312,2025-04-06,13,3721.66,3620.47
CLM-000312,2025-05-06,14,3668.7,3218.16
CLM-000312,2025-06-05,15,3584.23,3210.1
CLM-000312,2025-07-05,16,3581.04,3424.36
CLM-000312,2025-08-04,17,3704.29,3159.13
CLM-000312,2025-09-03,18,3655.1,3405.27
CLM-000312,2025-10-03,19,3639.27,3275.04
CLM-000312,2025-11-02,20,3590.2,3187.73
CLM-000312,2025-12-02,21,3670.11,3363.28
CLM-000312,2026-01-01,22,3499.99,3403.1
CLM-000312,2026-01-31,23,3730.68,3396.74
CLM-000312,2026-03-02,24,3637.41,3481.11
CLM-000313,2024-04-16,1,766.35,1663.16
CLM-000313,2024-05-16,2,766.35,3740.55
CLM-000314,2024-04-17,1,555.01,831.97
CLM-000315,2024-04-16,1,873.06,234.89
CLM-000316,2024-04-24,1,2257.88,668.76
CLM-000317,2024-04-22,1,581.6,157.78
CLM-000318,2024-04-28,1,482.09,1156.44
CLM-000319,2024-04-28,1,1002.65,2278.73
CLM-000319,2024-05-28,2,5594.85,4858.89
CLM-000320,2024-04-30,1,6360.33,3166.62
CLM-000321,2024-05-09,1,4199.77,8974.41
CLM-000322,2024-05-05,1,1133.3,2796.49
CLM-000322,2024-06-04,2,2346.68,5321.48
CLM-000323,2024-05-04,1,121.18,147.04
CLM-000323,2024-06-03,2,523.3,311.14
CLM-000324,2024-05-08,1,167.35,398.08
CLM-000324,2024-06-07,2,1373.84,822.41
CLM-000325,2024-05-12,1,1332.54,0.0
CLM-000325,2024-06-11,2,4029.8,0.0
CLM-000325,2024-07-11,3,3237.26,4006.42
CLM-000325,2024-08-10,4,5449.72,5071.36
CLM-000325,2024-09-09,5,6211.68,6199.99
CLM-000325,2024-10-09,6,8779.28,8305.15
CLM-000325,2024-11-08,7,10073.47,9657.44
CLM-000325,2024-12-08,8,10990.8,10071.93
CLM-000325,2025-01-07,9,11497.87,10259.97
CLM-000325,2025-02-06,10,11356.17,10017.63
CLM-000325,2025-03-08,11,11706.25,10212.94
CLM-000325,2025-04-07,12,11137.35,9940.14
CLM-000325,2025-05-07,13,11318.17,10630.12
CLM-000325,2025-06-06,14,11487.42,10939.14
CLM-000325,2025-07-06,15,11512.56,9752.82
CLM-000325,2025-08-05,16,11484.97,9779.96
CLM-000325,2025-09-04,17,11325.08,10734.63
CLM-000325,2025-10-04,18,11827.72,9888.48
CLM-000325,2025-11-03,19,11428.72,10636.63
CLM-000325,2025-12-03,20,11238.92,10206.1
CLM-000325,2026-01-02,21,11040.51,10773.74
CLM-000325,2026-02-01,22,11426.96,11211.03
CLM-000325,2026-03-03,23,11497.52,11360.41
CLM-000325,2026-04-02,24,11176.65,10762.25
CLM-000326,2024-05-13,1,1037.23,825.41
CLM-000326,2024-06-12,2,1969.64,1806.48
CLM-000327,2024-05-11,1,272.49,675.97
CLM-000327,2024-06-10,2,1284.32,1360.41
CLM-000328,2024-05-23,1,859.18,1974.26
CLM-000329,2024-05-18,1,1197.72,0.0
CLM-000329,2024-06-17,2,939.25,0.0
CLM-000329,2024-07-17,3,1179.14,1196.36
CLM-000329,2024-08-16,4,1742.28,1612.25
CLM-000329,2024-09-15,5,2056.25,2042.08
CLM-000329,2024-10-15,6,2292.34,2211.93
CLM-000329,2024-11-14,7,2869.0,2555.1
CLM-000329,2024-12-14,8,3253.81,3179.86
CLM-000329,2025-01-13,9,3229.53,3016.96
CLM-000329,2025-02-12,10,3303.68,3094.34
CLM-000329,2025-03-14,11,3232.52,2945.78
CLM-000329,2025-04-13,12,3309.22,3158.59
CLM-000329,2025-05-13,13,3199.0,2848.54
CLM-000329,2025-06-12,14,3336.56,3255.76
CLM-000329,2025-07-12,15,3332.2,3175.44
CLM-000329,2025-08-11,16,3232.58,2817.86
CLM-000329,2025-09-10,17,3217.05,2796.08
CLM-000329,2025-10-10,18,3294.46,3224.14
CLM-000329,2025-11-09,19,3266.71,2922.03
CLM-000329,2025-12-09,20,3300.17,2932.9
CLM-000329,2026-01-08,21,3213.21,2895.07
CLM-000329,2026-02-07,22,3251.54,3003.52
CLM-000329,2026-03-09,23,3291.49,3044.78
CLM-000329,2026-04-08,24,3226.7,2879.57
CLM-000330,2024-05-20,1,1337.89,898.91
CLM-000331,2024-05-22,1,471.04,585.11
CLM-000331,2024-06-21,2,247.36,1181.41
CLM-000332,2024-06-02,1,39.99,17.73
CLM-000333,2024-05-23,1,410.84,352.39
CLM-000333,2024-06-22,2,656.45,724.4
CLM-000334,2024-05-22,1,430.08,353.1
CLM-000334,2024-06-21,2,1153.72,684.21
CLM-000335,2024-05-27,1,5243.82,2634.8
CLM-000336,2024-06-02,1,216.52,490.6
CLM-000337,2024-06-04,1,636.44,245.22
CLM-000338,2024-05-31,1,2796.68,6333.69
CLM-000339,2024-06-01,1,228.06,0.0
CLM-000339,2024-07-01,2,158.37,0.0
CLM-000339,2024-07-31,3,318.55,283.85
CLM-000339,2024-08-30,4,485.97,361.92
CLM-000339,2024-09-29,5,515.46,515.97
CLM-000339,2024-10-29,6,620.48,631.69
CLM-000339,2024-11-28,7,773.05,636.47
CLM-000339,2024-12-28,8,853.46,773.43
CLM-000339,2025-01-27,9,839.32,737.25
CLM-000339,2025-02-26,10,829.85,780.72
CLM-000339,2025-03-28,11,836.22,722.28
CLM-000339,2025-04-27,12,868.27,806.68
CLM-000339,2025-05-27,13,813.75,792.35
CLM-000339,2025-06-26,14,840.36,732.1
CLM-000339,2025-07-26,15,850.16,782.02
CLM-000339,2025-08-25,16,834.8,816.74
CLM-000339,2025-09-24,17,820.17,798.16
CLM-000339,2025-10-24,18,853.51,805.79
CLM-000339,2025-11-23,19,873.57,728.7
CLM-000339,2025-12-23,20,834.74,785.3
CLM-000339,2026-01-22,21,862.15,756.53
CLM-000339,2026-02-21,22,833.65,800.2
CLM-000339,2026-03-23,23,846.1,762.68
CLM-000339,2026-04-22,24,870.42,740.65
CLM-000340,2024-06-07,1,195.09,461.0
CLM-000341,2024-06-07,1,298.59,667.7
CLM-000341,2024-07-07,2,1911.06,1450.17
CLM-000341,2024-08-06,3,1215.21,2053.68
CLM-000342,2024-06-13,1,476.39,1074.56
CLM-000342,2024-07-13,2,2603.87,2327.68
CLM-000342,2024-08-12,3,4466.03,3178.04
CLM-000343,2024-06-05,1,2487.85,1073.58
CLM-000343,2024-07-05,2,1843.42,2261.7
CLM-000343,2024-08-04,3,3300.97,3497.65
CLM-000344,2024-06-12,1,440.37,0.0
CLM-000344,2024-07-12,2,2281.04,0.0
CLM-000344,2024-08-11,3,4425.85,3051.83
CLM-000344,2024-09-10,4,4214.61,4147.61
CLM-000344,2024-10-10,5,4929.8,5191.75
CLM-000344,2024-11-09,6,6974.61,6510.94
CLM-000344,2024-12-09,7,7499.06,7327.17
CLM-000344,2025-01-08,8,8994.18,8186.85
CLM-000344,2025-02-07,9,8643.78,8235.25
CLM-000344,2025-03-09,10,8723.19,8378.11
CLM-000344,2025-04-08,11,9015.99,8769.57
CLM-000344,2025-05-08,12,8615.03,8437.74
CLM-000344,2025-06-07,13,9198.59,7607.67
CLM-000344,2025-07-07,14,8596.41,8103.83
CLM-000344,2025-08-06,15,8919.77,8473.45
CLM-000344,2025-09-05,16,8782.37,8075.76
CLM-000344,2025-10-05,17,8781.97,7900.28
CLM-000344,2025-11-04,18,8725.77,8644.17
CLM-000344,2025-12-04,19,8754.91,7583.6
CLM-000344,2026-01-03,20,8830.31,8390.31
CLM-000344,2026-02-02,21,8799.23,8301.54
CLM-000344,2026-03-04,22,9007.21,8722.33
CLM-000344,2026-04-03,23,8846.02,8332.36
CLM-000344,2026-05-03,24,8738.78,7764.78
CLM-000345,2024-06-11,1,16.38,22.96
CLM-000346,2024-06-16,1,830.54,1059.73
CLM-000347,2024-06-14,1,269.09,608.15
CLM-000347,2024-07-14,2,1913.18,1342.21
CLM-000348,2024-06-16,1,1854.37,1507.61
CLM-000349,2024-06-19,1,45.7,100.8
CLM-000350,2024-07-03,1,1015.85,440.19
CLM-000351,2024-06-20,1,47.15,91.02
CLM-000351,2024-07-20,2,250.55,181.69
CLM-000351,2024-08-19,3,284.21,280.61
CLM-000352,2024-06-28,1,373.36,198.88
CLM-000353,2024-06-26,1,76.27,166.15
CLM-000354,2024-07-02,1,211.08,469.1
CLM-000354,2024-08-01,2,1558.49,968.64
CLM-000355,2024-06-25,1,289.79,433.26
CLM-000356,2024-07-01,1,525.44,901.46
CLM-000357,2024-07-07,1,169.84,137.84
CLM-000357,2024-08-06,2,367.35,270.01
CLM-000357,2024-09-05,3,325.6,421.12
CLM-000358,2024-07-06,1,1154.34,2562.53
CLM-000359,2024-07-19,1,156.49,0.0
CLM-000359,2024-08-18,2,69.34,0.0
CLM-000359,2024-09-17,3,279.08,395.55
CLM-000359,2024-10-17,4,643.91,572.15
CLM-000359,2024-11-16,5,719.72,691.67
CLM-000359,2024-12-16,6,900.54,888.72
CLM-000359,2025-01-15,7,1088.58,1057.04
CLM-000359,2025-02-14,8,1197.26,1102.59
CLM-000359,2025-03-16,9,1206.53,1030.77
CLM-000359,2025-04-15,10,1241.16,1188.63
CLM-000359,2025-05-15,11,1224.67,1058.33
CLM-000359,2025-06-14,12,1220.71,1089.25
CLM-000359,2025-07-14,13,1214.61,1134.09
CLM-000359,2025-08-13,14,1223.54,1150.38
CLM-000359,2025-09-12,15,1231.25,1040.96
CLM-000359,2025-10-12,16,1204.06,1041.61
CLM-000359,2025-11-11,17,1209.27,1035.41
CLM-000359,2025-12-11,18,1229.13,1118.27
CLM-000359,2026-01-10,19,1276.78,1114.32
CLM-000359,2026-02-09,20,1254.82,1192.11
CLM-000359,2026-03-11,21,1214.57,1084.05
CLM-000359,2026-04-10,22,1217.13,1114.41
CLM-000359,2026-05-10,23,1220.44,1151.72
CLM-000359,2026-06-09,24,1205.06,1098.92
CLM-000360,2024-07-07,1,1280.64,2322.52
CLM-000361,2024-07-09,1,91.23,202.83
CLM-000362,2024-07-11,1,719.4,448.7
CLM-000363,2024-07-11,1,55.42,126.17
CLM-000364,2024-07-13,1,488.14,530.08
CLM-000365,2024-07-10,1,139.59,304.13
CLM-000366,2024-07-23,1,31253.43,12590.57
CLM-000367,2024-07-16,1,99.03,216.82
CLM-000368,2024-07-20,1,647.17,285.17
CLM-000369,2024-07-17,1,6127.65,0.0
CLM-000369,2024-08-16,2,2458.79,0.0
CLM-000369,2024-09-15,3,7195.88,4713.97
CLM-000369,2024-10-15,4,6639.79,5848.21
CLM-000369,2024-11-14,5,8068.96,8454.96
CLM-000369,2024-12-14,6,11140.61,10111.86
CLM-000369,2025-01-13,7,12271.96,11097.24
CLM-000369,2025-02-12,8,13577.08,13421.14
CLM-000369,2025-03-14,9,13553.83,13445.69
CLM-000369,2025-04-13,10,13580.54,12379.24
CLM-000369,2025-05-13,11,13378.65,12931.46
CLM-000369,2025-06-12,12,13788.46,12943.89
CLM-000369,2025-07-12,13,13647.59,13000.17
CLM-000369,2025-08-11,14,13171.1,13032.4
CLM-000369,2025-09-10,15,13763.14,12806.75
CLM-000369,2025-10-10,16,13846.4,12116.88
CLM-000369,2025-11-09,17,13976.51,12110.35
CLM-000369,2025-12-09,18,13750.66,12668.22
CLM-000369,2026-01-08,19,13370.98,12662.55
CLM-000369,2026-02-07,20,13672.54,12226.1
CLM-000369,2026-03-09,21,13969.48,11630.97
CLM-000369,2026-04-08,22,13723.15,13466.01
CLM-000369,2026-05-08,23,13860.56,13161.49
CLM-000369,2026-06-07,24,14174.53,11675.46
CLM-000370,2024-07-21,1,531.02,1256.69
CLM-000370,2024-08-20,2,5183.88,2579.68
CLM-000371,2024-08-01,1,120.33,289.79
CLM-000372,2024-08-08,1,1055.83,277.49
CLM-000373,2024-08-04,1,3683.38,1320.75
CLM-000373,2024-09-03,2,3435.56,2295.92
CLM-000374,2024-08-08,1,72.27,88.09
CLM-000375,2024-08-15,1,97.87,135.12
CLM-000376,2024-08-20,1,1410.81,3278.37
CLM-000377,2024-08-23,1,190.32,0.0
CLM-000377,2024-09-22,2,132.26,0.0
CLM-000377,2024-10-22,3,1359.52,969.97
CLM-000377,2024-11-21,4,1443.01,1195.53
CLM-000377,2024-12-21,5,2044.16,1519.08
CLM-000377,2025-01-20,6,2179.17,1943.0
CLM-000377,2025-02-19,7,2330.14,2128.81
CLM-000377,2025-03-21,8,2661.37,2573.72
CLM-000377,2025-04-20,9,2696.16,2446.03
CLM-000377,2025-05-20,10,2711.36,2454.95
CLM-000377,2025-06-19,11,2641.63,2402.01
CLM-000377,2025-07-19,12,2632.23,2323.23
CLM-000377,2025-08-18,13,2646.76,2463.44
CLM-000377,2025-09-17,14,2521.61,2426.43
CLM-000377,2025-10-17,15,2633.33,2469.2
CLM-000377,2025-11-16,16,2649.1,2465.55
CLM-000377,2025-12-16,17,2592.29,2469.94
CLM-000377,2026-01-15,18,2695.16,2294.4
CLM-000377,2026-02-14,19,2645.06,2438.94
CLM-000377,2026-03-16,20,2603.17,2544.18
CLM-000377,2026-04-15,21,2562.57,2262.99
CLM-000377,2026-05-15,22,2572.83,2522.35
CLM-000377,2026-06-14,23,2649.82,2514.81
CLM-000377,2026-07-14,24,2640.98,2564.87
CLM-000378,2024-08-14,1,1897.32,4583.19
CLM-000379,2024-08-16,1,743.66,517.78
CLM-000380,2024-08-19,1,94.31,234.02
CLM-000381,2024-08-21,1,1178.57,425.4
CLM-000381,2024-09-20,2,1090.16,870.36
CLM-000382,2024-08-23,1,452.81,1082.12
CLM-000383,2024-08-22,1,386.91,146.49
CLM-000384,2024-09-04,1,12557.94,27981.95
CLM-000385,2024-09-03,1,251.05,623.29
CLM-000386,2024-08-29,1,303.75,292.23
CLM-000386,2024-09-28,2,807.85,561.72
CLM-000387,2024-08-28,1,2640.46,5741.18
CLM-000388,2024-08-28,1,3781.41,9155.5
CLM-000389,2024-08-30,1,340.08,742.66
CLM-000389,2024-09-29,2,2378.38,1621.72
CLM-000390,2024-09-03,1,274.01,0.0
CLM-000390,2024-10-03,2,877.49,0.0
CLM-000390,2024-11-02,3,1061.62,1001.29
CLM-000390,2024-12-02,4,1683.26,1470.39
CLM-000390,2025-01-01,5,1741.63,1718.26
CLM-000390,2025-01-31,6,2095.14,1950.69
CLM-000390,2025-03-02,7,2588.45,2280.03
CLM-000390,2025-04-01,8,2942.46,2808.09
CLM-000390,2025-05-01,9,3036.0,2766.15
CLM-000390,2025-05-31,10,2918.61,2643.71
CLM-000390,2025-06-30,11,3025.13,2556.97
CLM-000390,2025-07-30,12,2939.61,2849.73
CLM-000390,2025-08-29,13,2888.71,2674.64
CLM-000390,2025-09-28,14,2995.23,2759.38
CLM-000390,2025-10-28,15,2904.72,2869.37
CLM-000390,2025-11-27,16,2995.4,2571.1
CLM-000390,2025-12-27,17,2923.8,2579.13
CLM-000390,2026-01-26,18,2962.76,2928.02
CLM-000390,2026-02-25,19,2939.36,2578.43
CLM-000390,2026-03-27,20,2964.63,2788.75
CLM-000390,2026-04-26,21,2973.46,2796.17
CLM-000390,2026-05-26,22,2946.78,2810.86
CLM-000390,2026-06-25,23,2990.01,2651.91
CLM-000390,2026-07-25,24,2931.21,2942.19
CLM-000391,2024-09-17,1,635.6,274.17
CLM-000392,2024-09-02,1,3862.24,1352.87
CLM-000393,2024-09-02,1,326.27,698.36
CLM-000394,2024-09-07,1,783.91,1797.07
CLM-000395,2024-09-13,1,14154.21,16035.31
CLM-000395,2024-10-13,2,62599.31,35326.28
CLM-000396,2024-09-07,1,1298.11,761.6
CLM-000397,2024-09-20,1,3819.23,1760.85
CLM-000398,2024-09-24,1,3551.36,2449.58
CLM-000399,2024-09-18,1,1421.74,668.77
CLM-000400,2024-09-24,1,175.57,379.76
CLM-000400,2024-10-24,2,744.32,852.13
CLM-000401,2024-09-16,1,1364.6,540.83
CLM-000402,2024-09-17,1,467.25,929.38
CLM-000402,2024-10-17,2,2268.14,1872.86
CLM-000402,2024-11-16,3,2750.27,2897.45
CLM-000403,2024-09-25,1,4485.22,3094.06
CLM-000404,2024-09-22,1,1425.62,823.09
CLM-000405,2024-09-24,1,1958.76,3087.41
CLM-000405,2024-10-24,2,2596.01,5748.39
CLM-000406,2024-10-03,1,93.96,226.22
CLM-000407,2024-10-01,1,778.04,725.75
CLM-000408,2024-09-29,1,1683.14,527.76
CLM-000409,2024-09-26,1,68.28,50.34
CLM-000409,2024-10-26,2,92.39,105.69
CLM-000409,2024-11-25,3,187.18,145.61
CLM-000409,2024-12-25,4,249.7,199.6
CLM-000410,2024-09-27,1,115.92,249.75
CLM-000410,2024-10-27,2,348.88,509.77
CLM-000411,2024-09-29,1,263.55,567.84
CLM-000412,2024-09-26,1,42.06,92.95
CLM-000413,2024-09-29,1,166.91,0.0
CLM-000413,2024-10-29,2,923.13,0.0
CLM-000413,2024-11-28,3,1121.34,1128.14
CLM-000413,2024-12-28,4,1794.94,1480.83
CLM-000413,2025-01-27,5,2030.22,1901.38
CLM-000413,2025-02-26,6,2477.28,2154.19
CLM-000413,2025-03-28,7,2889.11,2787.84
CLM-000413,2025-04-27,8,3378.67,3201.33
CLM-000413,2025-05-27,9,3390.88,2943.69
CLM-000413,2025-06-26,10,3274.05,3327.22
CLM-000413,2025-07-26,11,3258.72,3147.22
CLM-000413,2025-08-25,12,3401.33,3035.12
CLM-000413,2025-09-24,13,3309.87,3306.12
CLM-000413,2025-10-24,14,3266.55,2950.24
CLM-000413,2025-11-23,15,3272.01,3157.29
CLM-000413,2025-12-23,16,3337.0,2915.08
CLM-000413,2026-01-22,17,3333.78,2941.38
CLM-000413,2026-02-21,18,3406.77,3217.97
CLM-000413,2026-03-23,19,3231.05,3167.42
CLM-000413,2026-04-22,20,3262.05,3177.27
CLM-000413,2026-05-22,21,3415.84,3023.41
CLM-000413,2026-06-21,22,3387.15,2996.27
CLM-000413,2026-07-21,23,3377.01,3261.91
CLM-000414,2024-10-04,1,532.9,344.78
CLM-000414,2024-11-03,2,706.94,682.82
CLM-000414,2024-12-03,3,679.66,954.65
CLM-000415,2024-10-05,1,272.96,597.58
CLM-000415,2024-11-04,2,2090.78,1330.59
CLM-000416,2024-10-04,1,2304.4,595.12
CLM-000417,2024-10-07,1,898.18,1146.35
CLM-000417,2024-11-06,2,4874.28,2328.94
CLM-000418,2024-10-14,1,943.74,2116.75
CLM-000418,2024-11-13,2,5127.23,4526.11
CLM-000418,2024-12-13,3,7045.5,6801.23
CLM-000418,2025-01-12,4,9276.73,8889.53
CLM-000419,2024-10-15,1,1807.95,3901.35
CLM-000420,2024-10-19,1,377.57,158.1
CLM-000420,2024-11-18,2,471.98,365.85
CLM-000421,2024-10-18,1,2641.83,3143.56
CLM-000422,2024-10-13,1,504.03,292.76
CLM-000422,2024-11-12,2,929.1,640.87
CLM-000423,2024-10-18,1,1094.29,1053.81
CLM-000423,2024-11-17,2,3319.54,2197.25
CLM-000424,2024-10-22,1,1951.5,1283.96
CLM-000425,2024-11-01,1,2229.82,2979.31
CLM-000426,2024-10-29,1,5439.61,1482.14
CLM-000427,2024-10-29,1,72.91,157.77
CLM-000428,2024-11-06,1,487.49,366.19
CLM-000428,2024-12-06,2,702.66,728.85
CLM-000429,2024-11-05,1,5260.71,1630.08
CLM-000429,2024-12-05,2,4993.49,3117.5
CLM-000430,2024-11-02,1,1682.17,602.29
CLM-000431,2024-11-19,1,503.99,1195.94
CLM-000432,2024-11-04,1,166.86,189.91
CLM-000433,2024-11-10,1,4130.26,1061.43
CLM-000434,2024-11-05,1,149.58,0.0
CLM-000434,2024-12-05,2,645.54,0.0
CLM-000434,2025-01-04,3,1270.1,1121.77
CLM-000434,2025-02-03,4,1731.09,1473.34
CLM-000434,2025-03-05,5,1641.95,1821.56
CLM-000434,2025-04-04,6,2210.71,1929.6
CLM-000434,2025-05-04,7,2676.61,2433.02
CLM-000434,2025-06-03,8,2995.52,2870.6
CLM-000434,2025-07-03,9,3040.89,2864.65
CLM-000434,2025-08-02,10,2954.21,2740.87
CLM-000434,2025-09-01,11,3029.11,2634.54
CLM-000434,2025-10-01,12,2938.42,2599.14
CLM-000434,2025-10-31,13,2949.75,2973.14
CLM-000434,2025-11-30,14,2867.27,2625.34
CLM-000434,2025-12-30,15,3096.62,2733.31
CLM-000434,2026-01-29,16,3014.49,2876.86
CLM-000434,2026-02-28,17,2986.26,2691.26
CLM-000434,2026-03-30,18,3047.0,2927.27
CLM-000434,2026-04-29,19,2976.18,2809.44
CLM-000434,2026-05-29,20,2983.76,2563.63
CLM-000434,2026-06-28,21,2983.87,2902.45
CLM-000434,2026-07-28,22,3012.0,2665.71
CLM-000435,2024-11-10,1,816.95,199.24
CLM-000436,2024-11-15,1,3638.86,1462.52
CLM-000437,2024-11-16,1,328.92,774.87
CLM-000438,2024-11-22,1,5345.13,2108.49
CLM-000439,2024-11-20,1,222.88,348.07
CLM-000440,2024-11-26,1,175.4,391.93
CLM-000441,2024-11-28,1,1235.04,614.59
CLM-000442,2024-12-03,1,100.73,242.61
CLM-000442,2025-01-02,2,224.18,441.42
CLM-000442,2025-02-01,3,841.55,734.11
CLM-000443,2024-12-01,1,3057.15,1496.09
CLM-000444,2024-12-01,1,453.46,985.32
CLM-000444,2024-12-31,2,2835.66,2031.31
CLM-000445,2024-12-01,1,171.43,406.82
CLM-000446,2024-12-06,1,474.39,1047.03
CLM-000446,2025-01-05,2,2254.94,2070.42
CLM-000447,2024-12-06,1,103.95,233.48
CLM-000448,2024-12-06,1,1136.72,574.73
CLM-000449,2024-12-04,1,1264.26,460.53
CLM-000450,2024-12-05,1,286.94,326.74
CLM-000450,2025-01-04,2,167.14,633.43
CLM-000451,2024-12-08,1,5663.49,2623.59
CLM-000451,2025-01-07,2,1063.77,4779.97
CLM-000451,2025-02-06,3,7011.61,7434.55
CLM-000452,2024-12-16,1,795.03,558.68
CLM-000453,2024-12-20,1,2733.97,739.49
CLM-000453,2025-01-19,2,1525.31,1698.35
CLM-000454,2024-12-11,1,14521.48,12978.34
CLM-000455,2024-12-15,1,3000.71,1000.48
CLM-000456,2024-12-17,1,1417.72,515.27
CLM-000457,2024-12-25,1,66.03,157.74
CLM-000458,2024-12-20,1,1102.52,1021.69
CLM-000459,2024-12-27,1,667.96,1454.89
CLM-000460,2024-12-29,1,1744.57,1121.06
CLM-000461,2024-12-31,1,1337.29,528.81
CLM-000461,2025-01-30,2,1903.02,1045.45
CLM-000462,2024-12-27,1,110.39,240.51
CLM-000463,2024-12-31,1,3008.43,2480.14
CLM-000464,2025-01-06,1,3142.65,793.68
CLM-000465,2025-01-06,1,1844.49,1055.05
CLM-000466,2025-01-04,1,1062.59,443.8
CLM-000466,2025-02-03,2,737.55,841.72
CLM-000467,2025-01-10,1,45.65,68.56
CLM-000468,2025-01-04,1,24.92,43.9
CLM-000469,2025-01-05,1,10561.04,13654.44
CLM-000469,2025-02-04,2,5608.2,27071.65
CLM-000470,2025-01-09,1,88.48,136.94
CLM-000471,2025-01-10,1,5649.52,2564.93
CLM-000471,2025-02-09,2,8527.22,5332.67
CLM-000471,2025-03-11,3,6949.24,7739.15
CLM-000472,2025-01-11,1,4447.89,2394.58
CLM-000473,2025-01-20,1,1424.55,1158.93
CLM-000474,2025-01-18,1,1017.93,296.27
CLM-000475,2025-01-21,1,832.25,557.48
CLM-000476,2025-01-20,1,12482.66,28064.85
CLM-000477,2025-01-23,1,1822.24,1146.68
CLM-000477,2025-02-22,2,5941.06,2376.83
CLM-000478,2025-01-30,1,175.31,114.13
CLM-000478,2025-03-01,2,116.97,239.51
CLM-000479,2025-02-05,1,6316.12,2736.22
CLM-000480,2025-01-29,1,983.95,942.31
CLM-000481,2025-01-27,1,1281.14,1191.91
CLM-000482,2025-02-08,1,1185.69,1585.61
CLM-000483,2025-02-05,1,900.74,1310.13
CLM-000484,2025-02-09,1,323.15,743.31
CLM-000484,2025-03-11,2,814.17,1427.85
CLM-000485,2025-02-14,1,48365.65,33070.65
CLM-000486,2025-02-10,1,1806.9,780.56
CLM-000487,2025-02-12,1,395.07,177.92
CLM-000488,2025-02-19,1,1625.65,1599.07
CLM-000488,2025-03-21,2,2133.85,3446.42
CLM-000489,2025-02-23,1,1927.05,756.16
CLM-000490,2025-02-16,1,664.89,728.94
CLM-000490,2025-03-18,2,2509.81,1332.08
CLM-000491,2025-02-19,1,255.39,483.06
CLM-000492,2025-02-19,1,1304.47,1946.64
CLM-000492,2025-03-21,2,4783.64,4533.54
CLM-000493,2025-02-25,1,2541.23,1141.49
CLM-000494,2025-02-17,1,282.39,652.9
CLM-000495,2025-03-03,1,2694.08,2270.5
CLM-000496,2025-02-19,1,1725.93,532.34
CLM-000496,2025-03-21,2,694.08,1156.85
CLM-000497,2025-02-21,1,684.34,411.86
CLM-000497,2025-03-23,2,1532.33,858.1
CLM-000498,2025-02-22,1,1916.73,1460.0
CLM-000499,2025-02-23,1,524.24,0.0
CLM-000499,2025-03-25,2,524.24,0.0
CLM-000499,2025-04-24,3,4677.13,3511.87
CLM-000499,2025-05-24,4,4773.11,4708.53
CLM-000499,2025-06-23,5,5194.1,6046.82
CLM-000499,2025-07-23,6,8069.18,7092.21
CLM-000499,2025-08-22,7,9163.99,7839.91
CLM-000499,2025-09-21,8,10229.77,9059.44
CLM-000499,2025-10-21,9,10755.01,9174.09
CLM-000499,2025-11-20,10,10361.95,9554.61
CLM-000499,2025-12-20,11,10769.06,10075.99
CLM-000499,2026-01-19,12,10449.04,10164.55
CLM-000499,2026-02-18,13,10577.43,9631.45
CLM-000499,2026-03-20,14,10819.46,9206.43
CLM-000499,2026-04-19,15,9977.85,10333.38
CLM-000499,2026-05-19,16,10496.47,8978.46
CLM-000499,2026-06-18,17,10560.05,9564.51
CLM-000499,2026-07-18,18,10876.21,9767.35
CLM-000499,2026-08-17,19,10492.37,10245.08
CLM-000500,2025-02-25,1,509.06,1214.06
CLM-000501,2025-03-01,1,7692.12,8660.74
CLM-000501,2025-03-31,2,3535.2,17004.93
CLM-000502,2025-02-28,1,140.38,0.0
CLM-000502,2025-03-30,2,383.96,0.0
CLM-000502,2025-04-29,3,780.01,952.4
CLM-000502,2025-05-29,4,1461.9,1230.8
CLM-000502,2025-06-28,5,2045.84,1635.72
CLM-000502,2025-07-28,6,2038.15,2032.18
CLM-000502,2025-08-27,7,2521.44,2397.41
CLM-000502,2025-09-26,8,2801.63,2766.63
CLM-000502,2025-10-26,9,2777.78,2707.29
CLM-000502,2025-11-25,10,2776.35,2499.64
CLM-000502,2025-12-25,11,2854.04,2485.97
CLM-000502,2026-01-24,12,2722.64,2458.11
CLM-000502,2026-02-23,13,2860.28,2459.45
CLM-000502,2026-03-25,14,2774.35,2572.14
CLM-000502,2026-04-24,15,2806.56,2653.16
CLM-000502,2026-05-24,16,2898.48,2640.03
CLM-000502,2026-06-23,17,2747.09,2777.67
CLM-000502,2026-07-23,18,2724.08,2404.96
CLM-000503,2025-03-01,1,602.83,433.71
CLM-000504,2025-02-24,1,701.21,1701.83
CLM-000505,2025-02-27,1,1299.27,0.0
CLM-000505,2025-03-29,2,1246.86,0.0
CLM-000505,2025-04-28,3,2538.44,1567.39
CLM-000505,2025-05-28,4,1628.74,2093.33
CLM-000505,2025-06-27,5,2697.28,2444.39
CLM-000505,2025-07-27,6,2845.09,3035.05
CLM-000505,2025-08-26,7,3647.3,3613.13
CLM-000505,2025-09-25,8,4262.34,3666.73
CLM-000505,2025-10-25,9,4335.41,3812.65
CLM-000505,2025-11-24,10,4381.55,4242.55
CLM-000505,2025-12-24,11,4217.1,3912.82
CLM-000505,2026-01-23,12,4290.67,4214.46
CLM-000505,2026-02-22,13,4411.06,3909.09
CLM-000505,2026-03-24,14,4316.52,3629.74
CLM-000505,2026-04-23,15,4186.12,3624.26
CLM-000505,2026-05-23,16,4139.72,4182.67
CLM-000505,2026-06-22,17,4305.92,4225.53
CLM-000505,2026-07-22,18,4444.96,3629.44
CLM-000506,2025-03-07,1,743.46,997.34
CLM-000507,2025-03-06,1,881.62,2028.96
CLM-000508,2025-03-14,1,486.27,444.39
CLM-000509,2025-03-11,1,594.11,0.0
CLM-000509,2025-04-10,2,1536.53,0.0
CLM-000509,2025-05-10,3,888.09,1025.69
CLM-000509,2025-06-09,4,1417.69,1438.89
CLM-000509,2025-07-09,5,1848.19,1702.03
CLM-000509,2025-08-08,6,2437.43,2020.88
CLM-000509,2025-09-07,7,2878.42,2655.21
CLM-000509,2025-10-07,8,3134.15,3091.29
CLM-000509,2025-11-06,9,3085.08,2696.66
CLM-000509,2025-12-06,10,3198.23,3055.8
CLM-000509,2026-01-05,11,3072.65,2882.25
CLM-000509,2026-02-04,12,3124.09,3133.26
CLM-000509,2026-03-06,13,3147.2,2939.58
CLM-000509,2026-04-05,14,3123.58,2800.78
CLM-000509,2026-05-05,15,3053.26,2982.9
CLM-000509,2026-06-04,16,3237.89,2779.69
CLM-000509,2026-07-04,17,3179.0,3026.71
CLM-000509,2026-08-03,18,3048.88,3120.45
CLM-000510,2025-03-08,1,361.66,110.84
CLM-000510,2025-04-07,2,445.84,254.66
CLM-000511,2025-03-13,1,1302.43,507.82
CLM-000512,2025-03-14,1,220.12,476.29
CLM-000512,2025-04-13,2,1247.15,1012.13
CLM-000513,2025-03-19,1,815.56,759.67
CLM-000514,2025-03-25,1,194.32,70.53
CLM-000515,2025-03-15,1,204.56,0.0
CLM-000515,2025-04-14,2,610.01,0.0
CLM-000515,2025-05-14,3,2022.11,1507.9
CLM-000515,2025-06-13,4,1735.97,1804.18
CLM-000515,2025-07-13,5,2475.62,2189.08
CLM-000515,2025-08-12,6,3026.5,2714.54
CLM-000515,2025-09-11,7,3891.97,3372.4
CLM-000515,2025-10-11,8,4027.79,3554.99
CLM-000515,2025-11-10,9,4109.09,3680.82
CLM-000515,2025-12-10,10,3983.08,3532.98
CLM-000515,2026-01-09,11,4163.75,3548.3
CLM-000515,2026-02-08,12,4142.38,3665.08
CLM-000515,2026-03-10,13,4116.82,3870.25
CLM-000515,2026-04-09,14,4088.76,3983.0
CLM-000515,2026-05-09,15,4182.44,3723.88
CLM-000515,2026-06-08,16,4104.72,3882.51
CLM-000515,2026-07-08,17,4104.53,4042.17
CLM-000515,2026-08-07,18,4203.34,3641.49
CLM-000516,2025-03-20,1,1090.82,1256.35
CLM-000517,2025-03-27,1,4482.18,0.0
CLM-000517,2025-04-26,2,5907.81,0.0
CLM-000517,2025-05-26,3,10997.29,12751.92
CLM-000517,2025-06-25,4,25147.44,16519.7
CLM-000517,2025-07-25,5,25954.36,22974.2
CLM-000517,2025-08-24,6,31192.48,25199.71
CLM-000517,2025-09-23,7,35014.14,30438.85
CLM-000517,2025-10-23,8,37723.39,36060.53
CLM-000517,2025-11-22,9,39141.35,35299.21
CLM-000517,2025-12-22,10,37902.69,37203.23
CLM-000517,2026-01-21,11,38140.92,37905.21
CLM-000517,2026-02-20,12,38166.74,32879.44
CLM-000517,2026-03-22,13,39166.14,36472.97
CLM-000517,2026-04-21,14,38754.07,32446.47
CLM-000517,2026-05-21,15,38377.18,33148.03
CLM-000517,2026-06-20,16,37655.64,33604.27
CLM-000517,2026-07-20,17,37847.62,35588.24
CLM-000518,2025-03-27,1,2754.94,982.07
CLM-000518,2025-04-26,2,3103.3,2137.13
CLM-000519,2025-03-30,1,159.11,350.08
CLM-000520,2025-04-08,1,676.75,0.0
CLM-000520,2025-05-08,2,1870.45,0.0
CLM-000520,2025-06-07,3,6455.5,5070.14
CLM-000520,2025-07-07,4,3928.05,6725.16
CLM-000520,2025-08-06,5,7366.86,8060.04
CLM-000520,2025-09-05,6,10929.79,9752.94
CLM-000520,2025-10-05,7,12758.43,11801.27
CLM-000520,2025-11-04,8,13715.89,12092.1
CLM-000520,2025-12-04,9,13941.89,11531.23
CLM-000520,2026-01-03,10,13723.08,11925.71
CLM-000520,2026-02-02,11,13480.17,11652.93
CLM-000520,2026-03-04,12,13454.08,12970.06
CLM-000520,2026-04-03,13,13742.58,12042.73
CLM-000520,2026-05-03,14,13672.57,12511.69
CLM-000520,2026-06-02,15,13546.49,13399.83
CLM-000520,2026-07-02,16,13756.1,13375.15
CLM-000520,2026-08-01,17,12881.95,12869.06
CLM-000521,2025-04-13,1,402.51,916.26
CLM-000522,2025-04-10,1,1934.99,1751.34
CLM-000522,2025-05-10,2,3911.31,3245.69
CLM-000523,2025-04-09,1,277.42,512.12
CLM-000523,2025-05-09,2,1648.54,1056.15
CLM-000523,2025-06-08,3,1626.61,1441.86
CLM-000524,2025-04-15,1,3397.36,2633.61
CLM-000525,2025-04-16,1,638.81,494.4
CLM-000525,2025-05-16,2,926.96,1073.75
CLM-000526,2025-04-16,1,5575.91,1715.18
CLM-000527,2025-04-19,1,459.47,264.08
CLM-000528,2025-04-22,1,38.85,50.36
CLM-000529,2025-04-18,1,109.66,240.1
CLM-000530,2025-04-24,1,439.25,401.07
CLM-000531,2025-04-19,1,190.8,0.0
CLM-000531,2025-05-19,2,287.69,0.0
CLM-000531,2025-06-18,3,1843.97,1271.6
CLM-000531,2025-07-18,4,2258.71,1635.12
CLM-000531,2025-08-17,5,1957.57,2279.6
CLM-000531,2025-09-16,6,2566.38,2623.97
CLM-000531,2025-10-16,7,3046.95,2940.73
CLM-000531,2025-11-15,8,3785.8,3590.22
CLM-000531,2025-12-15,9,3758.47,3453.08
CLM-000531,2026-01-14,10,3880.1,3557.93
CLM-000531,2026-02-13,11,3781.11,3720.28
CLM-000531,2026-03-15,12,3915.84,3804.19
CLM-000531,2026-04-14,13,3871.79,3807.24
CLM-000531,2026-05-14,14,3702.25,3525.2
CLM-000531,2026-06-13,15,3891.94,3503.53
CLM-000531,2026-07-13,16,3796.58,3639.5
CLM-000531,2026-08-12,17,3726.66,3255.29
CLM-000532,2025-05-07,1,210.72,485.38
CLM-000533,2025-05-02,1,543.46,350.85
CLM-000534,2025-04-30,1,49.73,55.31
CLM-000535,2025-04-30,1,490.76,1124.57
CLM-000535,2025-05-30,2,3382.81,2113.43
CLM-000535,2025-06-29,3,3305.63,3494.19
CLM-000536,2025-05-07,1,7012.88,4066.49
CLM-000537,2025-05-07,1,312.67,750.85
CLM-000538,2025-05-08,1,367.51,108.04
CLM-000538,2025-06-07,2,471.01,201.78
CLM-000538,2025-07-07,3,515.98,318.08
CLM-000539,2025-05-15,1,272.51,0.0
CLM-000539,2025-06-14,2,345.12,0.0
CLM-000539,2025-07-14,3,1710.51,1880.52
CLM-000539,2025-08-13,4,2285.35,2282.25
CLM-000539,2025-09-12,5,3368.31,3041.22
CLM-000539,2025-10-12,6,3922.42,3755.6
CLM-000539,2025-11-11,7,4345.73,4080.86
CLM-000539,2025-12-11,8,5288.35,4808.51
CLM-000539,2026-01-10,9,5370.47,4945.66
CLM-000539,2026-02-09,10,5023.6,4467.59
CLM-000539,2026-03-11,11,5101.81,4383.38
CLM-000539,2026-04-10,12,4893.92,4521.67
CLM-000539,2026-05-10,13,5221.21,4754.48
CLM-000539,2026-06-09,14,5071.09,4407.94
CLM-000539,2026-07-09,15,4984.21,4456.18
CLM-000539,2026-08-08,16,4933.31,4872.83
CLM-000540,2025-05-13,1,260.71,624.98
CLM-000540,2025-06-12,2,686.91,1211.83
CLM-000540,2025-07-12,3,2234.24,1938.89
CLM-000541,2025-05-14,1,247.48,542.07
CLM-000541,2025-06-13,2,916.77,1125.72
CLM-000542,2025-05-19,1,174.81,405.78
CLM-000543,2025-05-17,1,684.85,336.36
CLM-000544,2025-05-18,1,7705.12,3051.18
CLM-000545,2025-05-23,1,1842.18,961.39
CLM-000546,2025-05-19,1,186.81,0.0
CLM-000546,2025-06-18,2,1409.93,0.0
CLM-000546,2025-07-18,3,1705.27,1217.29
CLM-000546,2025-08-17,4,1825.69,1612.27
CLM-000546,2025-09-16,5,2615.14,2136.48
CLM-000546,2025-10-16,6,2919.2,2495.63
CLM-000546,2025-11-15,7,3396.97,3128.59
CLM-000546,2025-12-15,8,3803.77,3480.2
CLM-000546,2026-01-14,9,3732.1,3385.73
CLM-000546,2026-02-13,10,3745.59,3528.13
CLM-000546,2026-03-15,11,3841.35,3276.14
CLM-000546,2026-04-14,12,3708.84,3238.58
CLM-000546,2026-05-14,13,3930.99,3261.13
CLM-000546,2026-06-13,14,3762.03,3429.33
CLM-000546,2026-07-13,15,3664.61,3370.85
CLM-000546,2026-08-12,16,3729.97,3447.62
CLM-000547,2025-06-11,1,1625.57,575.41
CLM-000548,2025-05-20,1,331.62,669.17
CLM-000549,2025-05-22,1,2226.4,1208.38
CLM-000549,2025-06-21,2,3958.42,2398.57
CLM-000550,2025-05-26,1,367.64,852.12
CLM-000550,2025-06-25,2,2096.46,1615.32
CLM-000551,2025-05-26,1,3739.87,1351.07
CLM-000551,2025-06-25,2,4441.5,2935.88
CLM-000551,2025-07-25,3,3846.71,4274.67
CLM-000552,2025-05-28,1,2368.93,1522.77
CLM-000552,2025-06-27,2,4684.82,3131.92
CLM-000553,2025-06-05,1,1196.9,0.0
CLM-000553,2025-07-05,2,1262.51,0.0
CLM-000553,2025-08-04,3,2144.39,2035.67
CLM-000553,2025-09-03,4,2459.83,2655.23
CLM-000553,2025-10-03,5,2976.61,3461.19
CLM-000553,2025-11-02,6,4491.05,4163.76
CLM-000553,2025-12-02,7,5026.35,4877.64
CLM-000553,2026-01-01,8,5844.02,5226.14
CLM-000553,2026-01-31,9,5840.99,5357.08
CLM-000553,2026-03-02,10,5786.57,5316.68
CLM-000553,2026-04-01,11,5739.67,5740.72
CLM-000553,2026-05-01,12,5741.7,5679.03
CLM-000553,2026-05-31,13,6008.07,5228.57
CLM-000553,2026-06-30,14,5715.88,5167.88
CLM-000553,2026-07-30,15,5694.41,5580.01
CLM-000554,2025-06-09,1,1204.31,892.82
CLM-000554,2025-07-09,2,1613.06,1678.59
CLM-000555,2025-06-10,1,116.67,269.53
CLM-000556,2025-06-14,1,3737.98,1409.73
CLM-000557,2025-06-12,1,1335.82,2969.35
CLM-000558,2025-06-11,1,2304.81,1118.22
CLM-000559,2025-06-20,1,4275.01,1186.06
CLM-000559,2025-07-20,2,3604.96,2290.85
CLM-000560,2025-06-25,1,615.29,477.69
CLM-000560,2025-07-25,2,1505.42,1060.79
CLM-000561,2025-06-21,1,562.77,484.28
CLM-000561,2025-07-21,2,896.83,925.04
CLM-000561,2025-08-20,3,1566.51,1482.79
CLM-000562,2025-06-25,1,760.18,428.1
CLM-000562,2025-07-25,2,568.43,914.81
CLM-000563,2025-06-20,1,603.85,693.99
CLM-000564,2025-06-22,1,1939.2,702.91
CLM-000564,2025-07-22,2,1998.98,1284.3
CLM-000564,2025-08-21,3,1893.46,2090.42
CLM-000565,2025-06-27,1,1759.48,713.57
CLM-000566,2025-07-04,1,11675.84,8114.2
CLM-000567,2025-07-06,1,2452.06,6108.32
CLM-000568,2025-07-02,1,3206.05,7472.03
CLM-000568,2025-08-01,2,16558.22,14080.3
CLM-000568,2025-08-31,3,16748.93,22506.83
CLM-000569,2025-07-09,1,4223.6,1437.1
CLM-000570,2025-07-07,1,274.14,597.47
CLM-000570,2025-08-06,2,2416.61,1333.99
CLM-000571,2025-07-09,1,752.18,404.53
CLM-000571,2025-08-08,2,774.84,860.26
CLM-000572,2025-07-09,1,57.2,137.85
CLM-000572,2025-08-08,2,57.2,265.91
CLM-000573,2025-07-10,1,197.88,0.0
CLM-000573,2025-08-09,2,954.35,0.0
CLM-000573,2025-09-08,3,1544.6,1341.72
CLM-000573,2025-10-08,4,2185.85,1908.67
CLM-000573,2025-11-07,5,2492.85,2336.78
CLM-000573,2025-12-07,6,3209.87,2538.13
CLM-000573,2026-01-06,7,3415.67,2999.09
CLM-000573,2026-02-05,8,3972.45,3779.32
CLM-000573,2026-03-07,9,3833.06,3845.51
CLM-000573,2026-04-06,10,4094.0,3956.94
CLM-000573,2026-05-06,11,3994.8,3611.51
CLM-000573,2026-06-05,12,3974.85,3505.78
CLM-000573,2026-07-05,13,4096.64,3509.77
CLM-000573,2026-08-04,14,3989.69,3780.67
CLM-000574,2025-07-11,1,447.89,167.2
CLM-000575,2025-07-13,1,8.47,21.06
CLM-000576,2025-07-16,1,1498.54,706.27
CLM-000577,2025-07-22,1,102.77,54.66
CLM-000577,2025-08-21,2,51.56,120.44
CLM-000578,2025-07-15,1,716.6,569.5
CLM-000579,2025-07-21,1,1075.45,656.95
CLM-000580,2025-07-18,1,2310.41,2021.21
CLM-000581,2025-07-18,1,14372.7,8799.87
CLM-000581,2025-08-17,2,18739.11,17375.43
CLM-000582,2025-07-20,1,608.71,686.21
CLM-000583,2025-07-22,1,2478.31,5421.92
CLM-000583,2025-08-21,2,8624.41,12382.71
CLM-000584,2025-07-30,1,1911.25,782.95
CLM-000585,2025-08-01,1,1320.23,757.4
CLM-000586,2025-07-30,1,328.27,760.56
CLM-000587,2025-08-03,1,291.23,705.32
CLM-000588,2025-08-05,1,818.31,878.26
CLM-000588,2025-09-04,2,2249.74,1697.62
CLM-000589,2025-08-09,1,44.04,107.86
CLM-000590,2025-08-05,1,73.69,171.86
CLM-000591,2025-07-30,1,1130.99,1158.45
CLM-000591,2025-08-29,2,1231.1,2193.85
CLM-000591,2025-09-28,3,5100.4,3084.35
CLM-000592,2025-08-01,1,105.65,259.48
CLM-000592,2025-08-31,2,105.65,514.71
CLM-000593,2025-08-04,1,389.91,810.32
CLM-000593,2025-09-03,2,1474.36,1672.72
CLM-000594,2025-08-06,1,374.97,181.04
CLM-000595,2025-08-04,1,1307.93,551.43
CLM-000596,2025-08-07,1,920.33,305.6
CLM-000597,2025-08-07,1,1533.04,609.0
CLM-000598,2025-08-08,1,940.34,1072.68
CLM-000598,2025-09-07,2,1963.48,2332.01
CLM-000599,2025-08-08,1,1439.25,0.0
CLM-000599,2025-09-07,2,934.61,0.0
CLM-000599,2025-10-07,3,685.24,890.97
CLM-000599,2025-11-06,4,1549.23,1200.96
CLM-000599,2025-12-06,5,1824.03,1393.41
CLM-000599,2026-01-05,6,1972.27,1588.53
CLM-000599,2026-02-04,7,2183.92,2019.11
CLM-000599,2026-03-06,8,2466.8,2295.6
CLM-000599,2026-04-05,9,2423.83,2192.27
CLM-000599,2026-05-05,10,2462.09,2250.55
CLM-000599,2026-06-04,11,2500.32,2110.75
CLM-000599,2026-07-04,12,2502.36,2361.24
CLM-000599,2026-08-03,13,2455.03,2394.63
CLM-000600,2025-08-15,1,1648.09,338.75
CLM-000601,2025-08-16,1,184.65,152.66
CLM-000602,2025-08-13,1,1587.49,466.95
CLM-000602,2025-09-12,2,1219.57,872.54
CLM-000602,2025-10-12,3,2039.87,1408.26
CLM-000603,2025-08-13,1,808.87,1994.96
CLM-000604,2025-08-20,1,1145.1,718.5
CLM-000605,2025-08-18,1,1417.5,1303.13
CLM-000606,2025-08-16,1,3116.11,1327.49
CLM-000606,2025-09-15,2,4117.05,2458.42
CLM-000607,2025-08-22,1,68.02,169.83
CLM-000608,2025-08-23,1,1633.85,647.91
CLM-000609,2025-08-17,1,391.58,910.35
CLM-000610,2025-08-18,1,2480.96,2807.04
CLM-000611,2025-08-23,1,201.64,216.26
CLM-000612,2025-08-24,1,15736.18,5194.39
CLM-000613,2025-08-27,1,2286.23,521.28
CLM-000614,2025-08-24,1,549.46,435.1
CLM-000615,2025-08-26,1,4028.63,1216.28
CLM-000616,2025-08-26,1,134.67,109.26
CLM-000616,2025-09-25,2,48.58,224.52
CLM-000616,2025-10-25,3,422.01,333.1
CLM-000617,2025-09-01,1,2423.39,5712.16
CLM-000618,2025-09-08,1,241.41,230.91
CLM-000619,2025-08-29,1,11692.09,8770.11
CLM-000619,2025-09-28,2,14583.52,16565.98
CLM-000619,2025-10-28,3,32145.29,25580.22
CLM-000620,2025-08-26,1,1255.95,791.27
CLM-000620,2025-09-25,2,1361.59,1489.25
CLM-000621,2025-09-06,1,220.29,519.43
CLM-000622,2025-09-11,1,332.24,139.39
CLM-000622,2025-10-11,2,139.28,297.68
CLM-000623,2025-09-09,1,3531.36,2765.2
CLM-000623,2025-10-09,2,12576.33,5223.58
CLM-000623,2025-11-08,3,4716.56,8484.29
CLM-000624,2025-09-21,1,3828.9,1161.08
CLM-000624,2025-10-21,2,3341.41,2221.2
CLM-000624,2025-11-20,3,2810.0,3551.42
CLM-000625,2025-09-15,1,96.86,218.31
CLM-000626,2025-09-19,1,264.4,127.13
CLM-000627,2025-09-27,1,3704.28,1316.96
CLM-000628,2025-09-24,1,445.5,322.63
CLM-000629,2025-09-30,1,480.34,586.9
CLM-000629,2025-10-30,2,968.6,1186.24
CLM-000630,2025-09-27,1,59.03,71.07
CLM-000630,2025-10-27,2,129.74,147.8
CLM-000630,2025-11-26,3,130.41,243.12
CLM-000631,2025-10-03,1,140.76,346.83
CLM-000632,2025-10-01,1,1168.86,1335.99
CLM-000632,2025-10-31,2,3672.61,2946.16
CLM-000633,2025-10-02,1,1769.66,618.34
CLM-000633,2025-11-01,2,1002.39,1189.56
CLM-000634,2025-09-30,1,6293.12,3968.22
CLM-000635,2025-10-02,1,542.01,1186.95
CLM-000635,2025-11-01,2,4257.33,2523.86
CLM-000636,2025-10-09,1,5548.49,2131.07
CLM-000637,2025-10-06,1,3043.09,1758.35
CLM-000638,2025-10-05,1,385.04,176.62
CLM-000639,2025-10-08,1,3043.5,1629.96
CLM-000639,2025-11-07,2,4004.78,3119.22
CLM-000640,2025-10-10,1,13646.02,7156.89
CLM-000641,2025-10-08,1,1765.82,807.05
CLM-000642,2025-10-26,1,279.06,603.85
CLM-000643,2025-10-23,1,248.83,613.0
CLM-000644,2025-10-18,1,476.92,1125.11
CLM-000645,2025-10-20,1,3001.0,1416.4
CLM-000646,2025-10-24,1,245.8,235.82
CLM-000646,2025-11-23,2,697.37,503.35
CLM-000646,2025-12-23,3,888.79,759.23
CLM-000647,2025-10-20,1,1787.11,2478.8
CLM-000648,2025-11-01,1,66.81,154.07
CLM-000648,2025-12-01,2,238.81,299.73
CLM-000648,2025-12-31,3,875.9,435.12
CLM-000649,2025-11-02,1,3042.29,0.0
CLM-000649,2025-12-02,2,1517.66,0.0
CLM-000649,2026-01-01,3,6054.1,4984.11
CLM-000649,2026-01-31,4,9166.6,6119.71
CLM-000649,2026-03-02,5,9219.77,7318.19
CLM-000649,2026-04-01,6,11327.75,9875.04
CLM-000649,2026-05-01,7,11753.48,11591.97
CLM-000649,2026-05-31,8,13811.39,13056.55
CLM-000649,2026-06-30,9,13618.84,12580.82
CLM-000649,2026-07-30,10,13756.66,12210.4
CLM-000650,2025-10-30,1,113.83,259.3
CLM-000650,2025-11-29,2,700.08,530.33
CLM-000650,2025-12-29,3,1140.38,767.09
CLM-000651,2025-11-05,1,873.32,666.59
CLM-000652,2025-10-29,1,454.01,292.47
CLM-000652,2025-11-28,2,1569.16,633.48
CLM-000653,2025-10-29,1,1617.97,712.25
CLM-000654,2025-11-01,1,383.84,891.28
CLM-000655,2025-11-06,1,312.43,141.76
CLM-000656,2025-11-03,1,790.81,357.12
CLM-000657,2025-11-05,1,73.24,0.0
CLM-000657,2025-12-05,2,47.38,0.0
CLM-000657,2026-01-04,3,84.85,120.55
CLM-000657,2026-02-03,4,183.2,155.86
CLM-000657,2026-03-05,5,196.49,195.41
CLM-000657,2026-04-04,6,233.88,242.2
CLM-000657,2026-05-04,7,305.84,277.49
CLM-000657,2026-06-03,8,320.85,311.72
CLM-000657,2026-07-03,9,311.2,284.13
CLM-000657,2026-08-02,10,318.79,287.27
CLM-000658,2025-11-08,1,935.04,2020.63
CLM-000659,2025-11-08,1,1249.95,754.5
CLM-000659,2025-12-08,2,1555.19,1380.69
CLM-000660,2025-11-15,1,1478.91,478.83
CLM-000661,2025-11-14,1,192.81,444.01
CLM-000661,2025-12-14,2,1598.93,866.83
CLM-000661,2026-01-13,3,1936.35,1287.0
CLM-000661,2026-02-12,4,1876.73,1836.24
CLM-000662,2025-11-12,1,105.5,82.25
CLM-000663,2025-11-14,1,2085.15,687.48
CLM-000664,2025-11-15,1,367.45,578.65
CLM-000665,2025-11-13,1,1969.5,964.55
CLM-000666,2025-11-17,1,153.9,327.39
CLM-000667,2025-11-18,1,626.89,0.0
CLM-000667,2025-12-18,2,2099.42,0.0
CLM-000667,2026-01-17,3,3983.42,4056.72
CLM-000667,2026-02-16,4,5772.93,5016.87
CLM-000667,2026-03-18,5,7611.61,6579.79
CLM-000667,2026-04-17,6,8960.16,7504.39
CLM-000667,2026-05-17,7,10024.48,8891.61
CLM-000667,2026-06-16,8,11108.98,10227.16
CLM-000667,2026-07-16,9,11218.22,9918.19
CLM-000667,2026-08-15,10,10986.67,10616.86
CLM-000668,2025-11-19,1,345.15,763.02
CLM-000669,2025-11-23,1,3725.13,1114.96
CLM-000670,2025-11-24,1,812.56,1282.87
CLM-000670,2025-12-24,2,4407.67,2723.26
CLM-000671,2025-11-24,1,75.76,176.93
CLM-000672,2025-11-24,1,2389.86,2533.87
CLM-000673,2025-12-01,1,1377.78,571.58
CLM-000674,2025-12-03,1,1601.85,2098.57
CLM-000675,2025-11-26,1,401.09,444.95
CLM-000676,2025-11-29,1,1798.91,767.11
CLM-000676,2025-12-29,2,2041.75,1597.38
CLM-000677,2025-12-06,1,492.34,159.3
CLM-000678,2025-12-04,1,1696.71,1267.92
CLM-000679,2025-12-02,1,89.68,190.78
CLM-000679,2026-01-01,2,540.8,399.13
CLM-000680,2025-12-05,1,1085.95,929.59
CLM-000681,2025-12-09,1,9146.8,3864.73
CLM-000682,2025-12-05,1,271.1,331.71
CLM-000682,2026-01-04,2,406.25,600.97
CLM-000682,2026-02-03,3,666.45,863.73
CLM-000682,2026-03-05,4,1098.96,1195.02
CLM-000683,2025-12-17,1,1933.38,2000.03
CLM-000683,2026-01-16,2,4276.11,4120.85
CLM-000684,2025-12-14,1,4534.77,2410.18
CLM-000685,2025-12-17,1,2358.82,755.81
CLM-000685,2026-01-16,2,2770.51,1572.58
CLM-000685,2026-02-15,3,3359.39,2632.21
CLM-000686,2025-12-09,1,1550.98,657.01
CLM-000687,2025-12-14,1,594.47,485.3
CLM-000687,2026-01-13,2,911.82,1107.46
CLM-000688,2025-12-12,1,1231.7,1032.42
CLM-000688,2026-01-11,2,2239.34,2264.54
CLM-000689,2025-12-17,1,846.49,1878.41
CLM-000689,2026-01-16,2,1605.53,4229.27
CLM-000690,2025-12-13,1,1940.04,544.07
CLM-000690,2026-01-12,2,1064.44,1039.07
CLM-000691,2025-12-15,1,325.34,336.59
CLM-000692,2025-12-15,1,19.81,42.9
CLM-000692,2026-01-14,2,81.23,84.67
CLM-000693,2025-12-26,1,173.72,311.17
CLM-000694,2025-12-18,1,1325.61,3263.52
CLM-000695,2025-12-27,1,1174.45,307.44
CLM-000696,2025-12-23,1,1187.39,699.7
CLM-000697,2025-12-26,1,3769.32,2910.2
CLM-000697,2026-01-25,2,6610.41,6183.43
CLM-000697,2026-02-24,3,8826.32,9620.54
CLM-000697,2026-03-26,4,14324.95,12379.65
CLM-000698,2025-12-28,1,834.94,1797.84
CLM-000698,2026-01-27,2,8680.83,4134.87
CLM-000699,2025-12-29,1,336.36,0.0
CLM-000699,2026-01-28,2,2379.63,0.0
CLM-000699,2026-02-27,3,3422.7,2380.34
CLM-000699,2026-03-29,4,3621.01,3033.58
CLM-000699,2026-04-28,5,4044.25,3785.11
CLM-000699,2026-05-28,6,5150.11,4385.14
CLM-000699,2026-06-27,7,6279.49,5578.44
CLM-000699,2026-07-27,8,6792.99,5922.51
CLM-000700,2026-01-04,1,310.85,403.84
CLM-000701,2026-01-01,1,603.4,1216.53
CLM-000702,2026-01-05,1,217.95,0.0
CLM-000702,2026-02-04,2,300.23,0.0
CLM-000702,2026-03-06,3,379.64,273.18
CLM-000702,2026-04-05,4,502.75,354.05
CLM-000702,2026-05-05,5,519.66,459.77
CLM-000702,2026-06-04,6,583.63,596.5
CLM-000702,2026-07-04,7,699.66,616.15
CLM-000702,2026-08-03,8,779.96,777.03
CLM-000703,2026-01-01,1,3513.26,2944.79
CLM-000703,2026-01-31,2,4133.04,5490.47
CLM-000704,2026-01-08,1,4334.68,3064.58
CLM-000704,2026-02-07,2,8617.63,6371.85
CLM-000705,2026-01-05,1,74.05,133.55
CLM-000706,2026-01-08,1,4588.12,8674.55
CLM-000707,2026-01-14,1,102.71,191.51
CLM-000708,2026-01-26,1,738.95,1827.19
CLM-000709,2026-01-17,1,362.68,164.04
CLM-000710,2026-01-18,1,130.62,170.31
CLM-000711,2026-01-30,1,2049.9,4608.42
CLM-000711,2026-03-01,2,15248.26,9077.4
CLM-000712,2026-01-20,1,337.6,750.87
CLM-000713,2026-01-23,1,205.38,509.38
CLM-000713,2026-02-22,2,1660.01,882.04
CLM-000714,2026-01-25,1,328.6,198.32
CLM-000714,2026-02-24,2,286.33,384.02
CLM-000714,2026-03-26,3,912.62,645.77
CLM-000715,2026-02-08,1,288.96,633.29
CLM-000715,2026-03-10,2,358.61,1374.9
CLM-000716,2026-02-04,1,108.87,99.67
CLM-000717,2026-02-06,1,78.34,46.29
CLM-000718,2026-01-27,1,1778.35,1244.81
CLM-000718,2026-02-26,2,4611.81,2533.28
CLM-000719,2026-01-28,1,386.59,867.49
CLM-000720,2026-01-29,1,177.7,417.85
CLM-000721,2026-01-31,1,211.47,0.0
CLM-000721,2026-03-02,2,897.27,0.0
CLM-000721,2026-04-01,3,1933.03,1355.22
CLM-000721,2026-05-01,4,2386.48,1929.51
CLM-000721,2026-05-31,5,2981.81,2590.04
CLM-000721,2026-06-30,6,3075.93,2726.66
CLM-000721,2026-07-30,7,3697.16,3340.82
CLM-000722,2026-02-06,1,358.91,818.31
CLM-000722,2026-03-08,2,2672.65,1720.57
CLM-000723,2026-02-05,1,4097.05,2763.3
CLM-000724,2026-02-15,1,294.9,647.81
CLM-000725,2026-02-07,1,611.85,598.43
CLM-000726,2026-02-10,1,749.36,342.19
CLM-000726,2026-03-12,2,789.04,687.84
CLM-000727,2026-02-17,1,773.31,1932.66
CLM-000727,2026-03-19,2,1116.37,3771.06
CLM-000728,2026-02-17,1,269.48,642.61
CLM-000728,2026-03-19,2,2776.42,1156.03
CLM-000729,2026-02-25,1,6406.34,2344.71
CLM-000729,2026-03-27,2,2311.31,4855.11
CLM-000730,2026-02-17,1,918.55,2268.36
CLM-000731,2026-03-03,1,82.14,40.26
CLM-000731,2026-04-02,2,77.22,71.95
CLM-000731,2026-05-02,3,100.36,106.99
CLM-000732,2026-02-20,1,2553.87,1387.85
CLM-000732,2026-03-22,2,2532.73,2409.1
CLM-000733,2026-02-20,1,754.79,183.32
CLM-000733,2026-03-22,2,299.46,388.39
CLM-000734,2026-02-27,1,789.6,0.0
CLM-000734,2026-03-29,2,2112.89,0.0
CLM-000734,2026-04-28,3,7535.47,5072.18
CLM-000734,2026-05-28,4,8115.87,6998.88
CLM-000734,2026-06-27,5,11958.3,9310.1
CLM-000734,2026-07-27,6,12310.27,10196.23
CLM-000735,2026-02-24,1,2617.75,0.0
CLM-000735,2026-03-26,2,3004.69,0.0
CLM-000735,2026-04-25,3,2439.13,5803.42
CLM-000735,2026-05-25,4,10496.49,8135.56
CLM-000735,2026-06-24,5,10006.74,9388.85
CLM-000735,2026-07-24,6,13788.09,11656.39
CLM-000736,2026-02-23,1,277.06,391.4
CLM-000737,2026-03-02,1,795.08,1771.13
CLM-000737,2026-04-01,2,8411.04,3485.49
CLM-000738,2026-03-13,1,559.44,181.27
CLM-000738,2026-04-12,2,437.33,386.02
CLM-000739,2026-03-06,1,12917.84,6506.01
CLM-000740,2026-03-05,1,219.02,429.1
CLM-000740,2026-04-04,2,309.87,952.1
CLM-000740,2026-05-04,3,1551.62,1456.26
CLM-000741,2026-03-09,1,2562.57,980.13
CLM-000742,2026-03-12,1,676.92,0.0
CLM-000742,2026-04-11,2,126.73,0.0
CLM-000742,2026-05-11,3,1103.96,927.88
CLM-000742,2026-06-10,4,1309.83,1101.84
CLM-000742,2026-07-10,5,1850.39,1535.02
CLM-000742,2026-08-09,6,1785.87,1714.71
CLM-000743,2026-03-12,1,399.64,488.52
CLM-000744,2026-03-09,1,140.58,301.91
CLM-000745,2026-03-14,1,125.13,301.68
CLM-000746,2026-03-21,1,95.81,207.08
CLM-000747,2026-03-24,1,464.01,1121.45
CLM-000748,2026-03-23,1,215.91,230.51
CLM-000749,2026-03-25,1,1668.73,1498.48
CLM-000750,2026-03-24,1,1253.61,1249.49
CLM-000750,2026-04-23,2,2970.33,2491.18
CLM-000750,2026-05-23,3,4370.91,3667.12
CLM-000751,2026-03-27,1,348.44,862.06
CLM-000752,2026-03-27,1,13635.96,5450.32
CLM-000753,2026-04-02,1,23.64,30.31
CLM-000753,2026-05-02,2,141.08,64.21
CLM-000754,2026-04-03,1,559.98,613.97
CLM-000754,2026-05-03,2,1722.22,1242.67
CLM-000754,2026-06-02,3,2795.87,1958.71
CLM-000755,2026-03-26,1,1854.9,4031.89
CLM-000756,2026-03-28,1,5095.08,4453.26
CLM-000757,2026-04-03,1,621.36,710.38
CLM-000758,2026-04-05,1,3486.37,2876.39
CLM-000759,2026-04-01,1,412.92,987.86
CLM-000760,2026-04-01,1,776.32,293.19
CLM-000761,2026-04-05,1,8965.36,3146.6
CLM-000761,2026-05-05,2,16273.88,6263.25
CLM-000762,2026-04-05,1,3971.85,2462.77
CLM-000762,2026-05-05,2,7439.09,5091.39
CLM-000762,2026-06-04,3,8823.68,7445.55
CLM-000762,2026-07-04,4,10205.33,10646.29
CLM-000763,2026-04-08,1,3512.79,779.24
CLM-000764,2026-04-18,1,2352.29,1298.74
CLM-000765,2026-04-13,1,94.69,208.17
CLM-000765,2026-05-13,2,94.69,459.22
CLM-000766,2026-04-22,1,8240.57,16639.03
CLM-000767,2026-04-25,1,2945.09,1458.56
CLM-000768,2026-04-24,1,1438.46,1046.88
CLM-000768,2026-05-24,2,987.12,2068.65
CLM-000769,2026-04-26,1,833.83,252.69
CLM-000769,2026-05-26,2,177.11,530.53
CLM-000770,2026-04-27,1,852.47,368.54
CLM-000770,2026-05-27,2,1591.0,766.42
CLM-000771,2026-05-05,1,868.27,2125.71
CLM-000772,2026-04-28,1,58.73,137.91
CLM-000772,2026-05-28,2,181.19,261.33
CLM-000773,2026-05-02,1,4284.82,2006.95
CLM-000774,2026-04-30,1,12653.28,4484.24
CLM-000775,2026-04-29,1,604.77,663.69
CLM-000775,2026-05-29,2,997.49,1494.64
CLM-000776,2026-05-01,1,540.31,687.82
CLM-000776,2026-05-31,2,2359.23,1457.17
CLM-000777,2026-05-03,1,112.27,278.09
CLM-000777,2026-06-02,2,860.57,526.51
CLM-000778,2026-05-06,1,855.94,544.9
CLM-000779,2026-05-03,1,1166.77,2492.25
CLM-000780,2026-05-03,1,1576.19,3353.81
CLM-000781,2026-05-04,1,223.55,520.92
CLM-000782,2026-05-09,1,479.15,760.68
CLM-000783,2026-06-01,1,1597.04,652.69
CLM-000784,2026-05-08,1,490.35,288.35
CLM-000784,2026-06-07,2,481.89,553.0
CLM-000785,2026-05-18,1,274.34,612.04
CLM-000786,2026-05-12,1,1203.61,647.67
CLM-000786,2026-06-11,2,807.11,1275.43
CLM-000787,2026-05-16,1,203.14,483.83
CLM-000788,2026-05-15,1,258.37,431.85
CLM-000789,2026-05-15,1,752.75,1748.74
CLM-000789,2026-06-14,2,6984.93,3434.08
CLM-000790,2026-05-13,1,776.46,252.25
CLM-000790,2026-06-12,2,277.21,476.07
CLM-000791,2026-05-16,1,129.89,294.68
CLM-000791,2026-06-15,2,749.85,578.31
CLM-000792,2026-05-21,1,997.34,1178.9
CLM-000793,2026-05-24,1,14666.48,5072.26
CLM-000793,2026-06-23,2,11734.53,9273.96
CLM-000794,2026-05-26,1,95.95,218.94
CLM-000795,2026-05-24,1,798.91,379.22
CLM-000795,2026-06-23,2,1283.49,726.48
CLM-000795,2026-07-23,3,1110.06,1131.62
CLM-000796,2026-05-28,1,151.54,367.24
CLM-000797,2026-05-31,1,1662.96,571.28
CLM-000798,2026-06-04,1,292.11,523.66
CLM-000799,2026-06-03,1,480.34,246.16
CLM-000800,2026-06-04,1,221.01,329.04
CLM-000800,2026-07-04,2,1140.96,642.76
CLM-000801,2026-06-08,1,753.61,859.44
CLM-000802,2026-06-04,1,756.98,1828.5
CLM-000802,2026-07-04,2,1162.5,3632.14
CLM-000803,2026-06-06,1,1205.23,1423.88
CLM-000804,2026-06-05,1,1613.03,1604.52
CLM-000805,2026-06-08,1,279.93,609.39
CLM-000806,2026-06-09,1,981.74,379.08
CLM-000807,2026-06-13,1,398.97,872.79
CLM-000807,2026-07-13,2,3164.3,1808.04
CLM-000808,2026-06-13,1,70.66,155.6
CLM-000809,2026-06-14,1,1033.4,366.09
CLM-000809,2026-07-14,2,1325.98,820.9
CLM-000810,2026-06-17,1,704.57,0.0
CLM-000810,2026-07-17,2,1113.78,0.0
CLM-000810,2026-08-16,3,1291.23,1310.55
CLM-000811,2026-06-18,1,2286.6,1301.38
CLM-000812,2026-06-17,1,22427.8,0.0
CLM-000812,2026-07-17,2,28118.22,0.0
CLM-000812,2026-08-16,3,14620.64,23388.15
CLM-000813,2026-06-17,1,450.86,553.57
CLM-000813,2026-07-17,2,1141.77,1217.96
CLM-000814,2026-06-19,1,54.93,47.48
CLM-000815,2026-06-17,1,142.83,318.53
CLM-000815,2026-07-17,2,555.36,692.42
CLM-000816,2026-06-28,1,83.9,187.42
CLM-000817,2026-06-26,1,2371.45,805.28
CLM-000817,2026-07-26,2,2702.4,1729.09
CLM-000818,2026-06-27,1,489.31,1093.72
CLM-000819,2026-06-21,1,909.59,0.0
CLM-000819,2026-07-21,2,1842.63,0.0
CLM-000820,2026-06-26,1,468.27,376.74
CLM-000820,2026-07-26,2,964.83,786.11
CLM-000821,2026-06-30,1,225.79,526.54
CLM-000822,2026-07-03,1,743.7,1618.93
CLM-000823,2026-06-28,1,1794.02,603.29
CLM-000824,2026-07-03,1,113.1,0.0
CLM-000824,2026-08-02,2,896.96,0.0
CLM-000825,2026-06-30,1,2971.57,863.59
CLM-000825,2026-07-30,2,1333.11,1697.43
CLM-000826,2026-07-07,1,398.48,0.0
CLM-000826,2026-08-06,2,2191.56,0.0
CLM-000827,2026-07-04,1,469.05,0.0
CLM-000827,2026-08-03,2,984.06,0.0
CLM-000828,2026-07-06,1,931.06,530.77
CLM-000828,2026-08-05,2,942.4,1062.77
CLM-000829,2026-07-07,1,462.99,0.0
CLM-000829,2026-08-06,2,100.8,0.0
CLM-000830,2026-07-07,1,654.22,917.03
CLM-000830,2026-08-06,2,2112.53,1759.67
CLM-000831,2026-07-10,1,502.06,0.0
CLM-000831,2026-08-09,2,3830.97,0.0
CLM-000832,2026-07-14,1,3917.8,2094.71
CLM-000833,2026-07-11,1,4661.07,1579.74
CLM-000834,2026-07-11,1,12321.79,10724.07
CLM-000835,2026-07-17,1,4115.68,2342.04
CLM-000836,2026-07-22,1,2990.5,0.0
CLM-000837,2026-07-15,1,1090.69,0.0
CLM-000837,2026-08-14,2,1253.07,0.0
CLM-000838,2026-07-22,1,72.24,0.0
CLM-000839,2026-07-16,1,217.13,499.83
CLM-000839,2026-08-15,2,622.24,997.82
CLM-000840,2026-07-29,1,67.39,27.31
CLM-000841,2026-07-17,1,199.76,0.0
CLM-000841,2026-08-16,2,359.65,0.0
CLM-000842,2026-08-01,1,2298.82,1106.53
CLM-000843,2026-07-22,1,1430.69,0.0
CLM-000844,2026-07-29,1,1577.89,569.89
CLM-000845,2026-07-25,1,607.73,0.0
CLM-000846,2026-07-30,1,632.4,596.58
CLM-000847,2026-07-26,1,958.54,688.42
CLM-000848,2026-07-31,1,1257.44,0.0
CLM-000849,2026-08-01,1,508.41,623.72
CLM-000850,2026-08-03,1,73.08,38.14
CLM-000851,2026-08-04,1,53.23,0.0
CLM-000852,2026-08-06,1,959.15,2346.1
CLM-000853,2026-08-06,1,1257.78,1017.71
CLM-000854,2026-08-10,1,6519.96,0.0
CLM-000855,2026-08-13,1,476.81,0.0
CLM-000856,2026-08-13,1,167.68,376.38
CLM-000857,2026-08-16,1,2589.4,0.0
CLM-000858,2026-08-12,1,72.62,0.0
CLM-000860,2026-08-15,1,172.63,347.48
CLM-000861,2026-08-17,1,884.08,0.0
CLM-000862,2026-08-16,1,1520.52,0.0
CLM-000916,2026-08-17,1,3111.81,0.0
CLM-000949,2026-08-17,1,325413.92,0.0
CLM-001026,2026-08-17,1,3795.4,0.0
CLM-001061,2026-08-17,1,1763.4,4199.33
CLM-001070,2026-08-17,1,4603.23,0.0
CLM-001103,2026-08-17,1,13853.45,0.0
CLM-001282,2026-08-17,1,2960.23,0.0
CLM-001342,2026-08-17,1,2398.11,0.0
CLM-001370,2026-08-17,1,989.7,0.0
CLM-001424,2026-08-17,1,10853.46,0.0
CLM-001467,2026-08-17,1,8324.06,8269.92
CLM-001470,2026-08-17,1,3112.64,0.0
CLM-001493,2026-08-17,1,4267.34,0.0
CLM-001501,2026-08-17,1,1182.04,0.0
CLM-001637,2026-08-17,1,4427.97,0.0
CLM-001722,2026-08-17,1,5531.18,0.0
CLM-001908,2026-08-17,1,9437.35,0.0
CLM-001920,2026-08-17,1,958.64,0.0
CLM-001945,2026-08-17,1,9422.68,0.0
CLM-001984,2026-08-17,1,1447.92,0.0
CLM-001999,2026-08-17,1,9414.64,0.0
CLM-002037,2026-08-17,1,20904.84,0.0
CLM-002068,2026-08-17,1,26263.82,0.0
CLM-002085,2026-08-17,1,5120.95,0.0
CLM-002186,2026-08-17,1,15923.6,0.0
CLM-002209,2026-08-17,1,7360.78,0.0
CLM-002228,2026-08-17,1,8766.61,0.0
CLM-002291,2026-08-17,1,1991.83,0.0
CLM-002349,2026-08-17,1,8384.66,0.0
CLM-002364,2026-08-17,1,37160.71,0.0
CLM-002386,2026-08-17,1,334380.61,0.0
CLM-002416,2026-08-17,1,8337.0,0.0
CLM-002458,2026-08-17,1,1240.27,0.0
CLM-002470,2026-08-17,1,2471.58,0.0
CLM-002473,2026-08-17,1,1561.26,0.0
CLM-002495,2026-08-17,1,11732.65,25902.39
CLM-002569,2026-08-17,1,14439.67,0.0
CLM-002606,2026-08-17,1,3108.05,0.0
CLM-002609,2026-08-17,1,434.83,0.0
CLM-002704,2026-08-17,1,2820.48,0.0
CLM-002707,2026-08-17,1,4195.72,0.0
CLM-002715,2026-08-17,1,10079.08,0.0
CLM-002853,2026-08-17,1,13668.57,0.0
